,name,i_ptm,i_pae,esm_pll,seq,i_pae_rank,esm_pll_rank,i_ptm_rank,rank
206,l61_s456546_mpnn1_model1,0.91,11.7760654417782,-131.0808416903019,SDYEKMVALRREVYSLVFQHVVHHGKRPDKEFWEKKLAEVKEKKPEDYELYKKIVEEMMAV,9.0,6.0,35.0,16.666666666666668
253,l62_s814650_mpnn14_model1,0.93,14.73418835385175,-154.1531404852867,SKEEDEHFIENPKKYMEQSKQAAAEAAADPSVSPHRKHYLKMQAEYDERFTNEVVGNIEKDK,48.0,23.0,3.5,24.833333333333332
77,EGFR_ECOD_l61_s567517_mpnn18_model2,0.92,14.221839048599564,-165.24455457925797,GPSVEERVERLVALLVEVQKKRGFTPDEDWIEVMRMFVESYARNEFNYRRMEHVYEQMAAE,32.0,41.0,14.5,29.166666666666668
274,l70_s152381_mpnn2_model2,0.91,12.174598573729009,-169.995004683733,GLSAHEQEALRIVEEMEKFVEENPEVHFYYKMEVKWMREQVLARDPYGIRYALVQGPIMLEQMKEQVKES,13.0,50.0,35.0,32.666666666666664
296,l70_s993535_mpnn1_model1,0.93,15.266872440763745,-154.3672960549593,MMSPVNQLRLFYFDYLSGHLGVTFEDLVEKMKEYKSTVPDEEFKKVVDYLASLDPERKEEILKAAEEILK,73.0,24.0,3.5,33.5
106,EGFR_ECOD_l62_s343681_mpnn2_model2,0.89,11.895786972105345,-123.04201175644994,MLPKDLSFDELMELFRERAEKASKEEVEKLFEEFVAFAEEHYSKEEAEDIRDVMLIQMVEFM,10.0,2.0,90.5,34.166666666666664
297,l70_s993535_mpnn2_model1,0.93,15.406702783528871,-153.64004213362932,MMSPVNQLRLFYFDYLSGHLGVTFEDLVEKMKEYASTVPKEEFKKVVEYLASLDPERREEILKAAEEILK,82.0,21.0,3.5,35.5
199,l61_s456546_mpnn2_model1,0.89,10.544352577809455,-143.84808957576752,SPYEEMVALRRELYSWVFQHVVHHGKRPDEAVWEEYLKKVKETEPEKYPLVKEIVEEMMAV,4.0,13.0,90.5,35.833333333333336
242,l84_s528582_mpnn7_model1,0.93,15.307710777547737,-157.9825637638569,SLLEKIEELKEKASSEKMKENLDKVLEIMEKIEKSGKKPTAEEMIKLRSAMYDAQFWAVIEGKEGEKEKIVELEEEIEKYIESL,78.0,27.0,3.5,36.166666666666664
54,EGFR_ECOD_l82_s626736_mpnn1_model2,0.91,13.950753210792978,-175.69191763922572,MPLSPKEENWELMREVQNLMFYMEVWPERVTAEKVRELIEKYGDSPYFPEYVELLREYIERHELWDKIPEEARKEIERLISL,26.0,61.0,35.0,40.666666666666664
112,EGFR_ECOD_l74_s1258_mpnn6_model2,0.9,14.889590786438612,-151.2501459121704,APEVPKKLEEFPPEYRELLIFAYREVEDWRRKAEANPEDGRLKHMAEVQEEWAEEVFEKVKKDIGEEEFEKIMK,57.0,16.0,60.0,44.333333333333336
130,EGFR_ECOD_l82_s314171_mpnn2_model2,0.9,14.32308560150819,-165.54286208190024,MVDPEEVKKILELLKSDDEEKWVEAHILTMEMGKRLPEHNAHKVYDFADKAFWSLMLAKPEEKEKIKEKLVKEFEELVKEIS,34.0,43.0,60.0,45.666666666666664
241,l84_s528582_mpnn4_model1,0.91,15.758197607545434,-151.26879608631134,SLLEKIKELKEKATNEKMAKNLEKIYEIMKKIEESGKKPTAEEMIKLRSAFYDALFWAVIEGPEGLKEELEKLEEEIEKYIESL,104.0,17.0,35.0,52.0
46,EGFR_ECOD_l88_s11832_mpnn3_model1,0.92,9.99849930464061,-210.90343862771988,PRDPDVVQFEEEVELLKSRFENWDEEVKKEFEKEVEEARKRVEEAFERWRRGIPPPEEYPKLSPHYIVWEEVFILHVKAADLDEKAKA,3.0,142.0,14.5,53.166666666666664
62,EGFR_ECOD_l78_s321199_mpnn10_model1,0.91,15.3742729881498,-170.14732486009598,SKELLEEYKKKYEELFKRLEEESKGKWGLEAHHVYSSIYREFTKLMFEYIWKTESDELVHEIEKLETEFWKKVDEMDK,79.0,51.0,35.0,55.0
301,l90_s185189_mpnn2_model1,0.91,14.621720164609052,-185.87084390223023,SREEERKKLYADAFIQILDLVAEENPEKKAEYEKLKKLIKEGKMPVEEMEKKLEEIISELTEEQKPYVDIILGAMEEKLYDLETKLKEAE,42.0,91.0,35.0,56.0
128,EGFR_ECOD_l82_s203113_mpnn2_model1,0.89,10.691019500412397,-181.08524161577225,EPPPKTPVQKEMRKFVNEAKKEIEEMKKKGASKKELYKKFWEYWWKMDSFIFPLIWNDVPWEEVEYAWGLMLELFDYFQSLM,5.0,77.0,90.5,57.5
105,EGFR_ECOD_l62_s343681_mpnn1_model2,0.88,14.87116928990702,-120.64366696029902,MLPKDLSFDELMELFKKEAEKASKEEVEELFKKYSEWAEKHYSKEEAEDIRDVMLIQMVEFM,55.0,1.0,121.5,59.166666666666664
273,l70_s152381_mpnn1_model1,0.89,14.821910973084886,-163.44140481948853,GLSPHEREALEIVEEMLKFVEENPEVHFYYKMEVEWMREKVERRDPYGIRYALVQGPIMLEQMKKQVAES,52.0,35.0,90.5,59.166666666666664
127,EGFR_ECOD_l82_s203113_mpnn1_model1,0.89,14.34295422410746,-171.22828389704227,MPPPKTPVQKEMREFVEKAKKEIEEAKKAGASKKELYDLFWKYWWEMDSFIFPLIWNDVPWEEVEWAWGLMLELFDYFQSLM,36.0,53.0,90.5,59.833333333333336
45,EGFR_ECOD_l88_s11832_mpnn1_model2,0.92,13.66485132118284,-213.3401366174221,EKDPDVVQFEEEVELLKERFKDYPKEVQEKFEEEVEEARKKVEEAYERWKQGIPPPSEYPKLSPHYITWEQVFILHVKAADLDEEYKK,23.0,145.0,14.5,60.833333333333336
300,l90_s185189_mpnn1_model2,0.9,14.337439166219358,-188.0911691039801,SLEEEEKKLYADAFIQILDLVSEENPEKKEEMEKLKELIKEGKMPVEEMKKKFEEIYSEFSEEQKPYVDIILGAMNEKLYDLKTKYLESL,35.0,95.0,60.0,63.333333333333336
120,EGFR_ECOD_l88_s648802_mpnn3_model2,0.91,14.63135238252086,-203.8056575099472,MKKELTKEEKFVLNVGKALWREQWDYITEKEDHEKANELLIKGEMMYMAVFAKENGLPVDEEEYEKVVELAKEYVPYLEAKGYKDLYK,44.0,123.0,35.0,67.33333333333333
79,EGFR_ECOD_l89_s203969_mpnn11_model1,0.92,14.995960846043891,-205.32044242322445,MELSPFEKADKYYHEQMPVAWDLMDKVNNDTSRPREEVREMRDLVLQIIDNIWIAWITAEKDPALSEEHLKKVEELKAELERRLAAPPR,63.0,128.0,14.5,68.5
139,EGFR_ECOD_l65_s269639_mpnn3_model2,0.87,13.009215161649944,-166.13952142000198,KEEEEILKKFEEMVEKTKDNPEAWIWAQTAREQWIHYSSNPKFKHTKETIEEFVKTATADVESIM,19.0,46.0,142.5,69.16666666666667
133,EGFR_ECOD_l110_s478327_mpnn7_model2,0.92,11.436779754062364,-226.50930199958384,MVLSFEELEKEAREELERRLEEAVEEAYERLLKKGVPEEEAEKFRKLREEEKEVQLMFFGVWLHYLKIVYEIAKKQGRLEEYEKYFREEVEEYIDRAVDVILFPQPGEPL,7.0,187.0,14.5,69.5
132,EGFR_ECOD_l110_s478327_mpnn6_model1,0.93,12.514640901771337,-227.57683057244867,MEKSFEELEEEAKKEARERLEKAVEEAYERLLAKGMPEEEAEKFRKLREEEAEVQLMFFGVWLHYLKIVYEIAKKQGRLEEYEKYFREEVDEYIKRSVDVILFPQPGEPE,16.0,191.0,3.5,70.16666666666667
129,EGFR_ECOD_l82_s314171_mpnn1_model2,0.89,15.301256038647342,-165.86331675760448,MVDKEEVEKILELIKSDKEEDWVEAHILIMEMGKRLPEHNAHKVYEFADKMFWRLMLAKEEEKEKIKEELVKEFKELVEEIS,76.0,45.0,90.5,70.5
119,EGFR_ECOD_l88_s648802_mpnn1_model1,0.9,14.349611239203632,-202.1147149186581,MKRELTEEEKFVLNVGEALWRLQWEYITEKEDHEKANELLIEGEMMYMAVFARRNGLPVDEEEYKKVVELAEKYVPELEEKGYKDLYE,37.0,119.0,60.0,72.0
63,EGFR_ECOD_l78_s321199_mpnn2_model1,0.92,16.20404981625996,-178.91044181585312,SSELKEKFEKEYEKLMEKLKEESKGKWGLEAHHVYSKIYREFTKLMFEYIWKTESDEIVHLIEEKETEFWELVDEMDK,131.0,72.0,14.5,72.5
61,EGFR_ECOD_l60_s217084_mpnn3_model1,0.86,14.750539318303812,-135.54609686136246,SEQDKHRKRGYAMIQIEHMQFWIDFFNSPHMGLPEEERQKFIEQDKKIIEEQQKVVEELS,49.0,7.0,162.0,72.66666666666667
257,l71_s283252_mpnn1_model2,0.89,15.7816530584473,-158.66648281365633,MAEEILNMSEEEVLKDPDKFVQLVMELQNQMHGWLARKLADFILQFIWADEEGKKKVIKELKEYLKKNLLG,107.0,29.0,90.5,75.5
167,EGFR_Modal_l80_s696857_mpnn10_model1,0.89,14.648431260064411,-188.71695512533188,APKKSVDEQVGELIEELMKLDDEMFKKAQDVIADPSNSPEEAMEAHNKYIESYYKIDWAMMRTDIEYMKEVIEEVKKELE,45.0,96.0,90.5,77.16666666666667
97,EGFR_ECOD_l97_s168758_mpnn4_model2,0.92,16.679025847900792,-176.30371026694775,MFEKISIEELWEKWWEVDKEAWRLLTEVPEDMKEVIEKWHKINELSIEAMVLLHRARQPHLSEEVKEELLKKAQEKIEEAEKLLKEAKKKLEEYKKK,158.0,62.0,14.5,78.16666666666667
164,EGFR_Modal_l73_s253313_mpnn7_model2,0.86,14.03005680188825,-167.95958298444748,SKTLKEVLEERLAGLSPAEVLEKVEEIREEFKDVDEWELAFILQGVLYVHVAGHPDTPEWREVYDFMIGLRNS,27.0,48.0,162.0,79.0
212,l90_s370608_mpnn2_model2,0.9,15.01448863839685,-201.37248507142067,SMERKEELKKKIEEIVEEVKKENPELSEKDVKRFIYLLHIFVDHIDWEDAEVQIIYFSLFIASASRYHPDFKILAEGVLPKLEKWIKENS,64.0,115.0,60.0,79.66666666666667
264,l99_s181123_mpnn3_model2,0.91,15.56939198750793,-201.0321427322924,MFDPSKYSVEELFHLTSAIEVAFHHLTLEPPEGVSKEKWQVEILKFFRDLMEESGVKLPEELVKAIEIAEKDPEKNKEVIDKIIEYLEEMYEKAVEELR,93.0,114.0,35.0,80.66666666666667
211,l90_s370608_mpnn1_model1,0.91,15.529031400966186,-203.94954523444176,SEERKEELKKKIEEIVEEVKKENPELSEKYVKRFIYLLHIFVEHIDWDDAEVQIIYFSLFLASASRYHPDFKILYEGVLPKLEKWIKENS,90.0,125.0,35.0,83.33333333333333
135,EGFR_ECOD_l76_s331456_mpnn11_model2,0.88,14.70171571743368,-183.45162124931807,IEFTTAEEVQAFFSMSAMMMMVKRFERRHGDVRTPEGRAKLIPHVREMKSWYEDEPELVRKAMEEFLKKVEEGTLE,46.0,83.0,121.5,83.5
96,EGFR_ECOD_l97_s168758_mpnn2_model2,0.92,16.551600179291796,-182.22804512828588,MIEDVSVEELWERWWEVDKEAWRLLTEVPEDETEVIEKWHEINKLLIEAMVYLHRARQPHLSEEVKKELMKKAQEKIDEAEKLLEEAKKKLEEIKKK,155.0,81.0,14.5,83.5
332,EGFR_l114_s689302_mpnn1_model1,0.92,12.116835819419723,-241.47240848839283,PMNKEDFEDVFNFYYKTAKELLEYYKKRFPESMKEYKDPEERAKMKEIQIKDIEDDVSINIDEAKKLVDEYAEELKKEGKEEEAEKVKKEYGEKVKEIEEELKKELEKFAKLDL,12.0,226.0,14.5,84.16666666666667
358,EGFR_l86_s498711_mpnn2_model2,0.9,15.087195071714792,-206.69010071456432,STEEYFRKWAEENLEHSKTLVKIKLEELKNDPEKAKPFKEKAEKILAEMEEAVEGLYSENPKRSFGERMWTMHWAHMKIIQLQFEE,67.0,132.0,60.0,86.33333333333333
91,EGFR_ECOD_l78_s997474_mpnn9_model2,0.86,14.590342293240845,-173.12231490015984,SMQEKYRKEAEELIEEYRKKAKEKYGGDYWHKYLMELPIEELKKMKEIFKKAGDKQHEQDMVAYIEVKERENVIKSYS,40.0,57.0,162.0,86.33333333333333
44,EGFR_ECOD_l67_s982040_mpnn6_model1,0.89,16.251906890667435,-162.74540656805038,SDELMEFMKEWTEKDVETWGGDNPKLVRRVVEDMIEVFERMSDDEEEKEKFKKWAKEFEKEKIESLK,136.0,34.0,90.5,86.83333333333333
163,EGFR_Modal_l73_s253313_mpnn1_model2,0.87,15.633338076015264,-152.86024197191,MKTLKEEIEEEFAGLSPEEVLKKYEELKEKYKDVDEWELAFIVQGVLYVHVAGHPDTPEWRKVYDFMIELRKS,100.0,19.0,142.5,87.16666666666667
151,EGFR_ECOD_l94_s532688_mpnn2_model2,0.92,15.849204440333024,-210.78186382097192,MSELEKLLKSLGASDTEVEIISKAVETGDSWSVFEEAYKKGLISEEQYFHMPFWIDTAIMFGKHVARMNGNDEKRGREAMLWFIKEFGEQIFPK,108.0,141.0,14.5,87.83333333333333
152,EGFR_ECOD_l94_s532688_mpnn6_model2,0.92,15.613790043512523,-216.111021094257,MSELEKLLKSLGASDTQVEIISKAVETGDSWSVFEEAYKKGLISEEEYFHMPFWVDTAIMFGKHVARMNGNDEERGKEAMLWFIEEFGSQIFPK,98.0,161.0,14.5,91.16666666666667
360,EGFR_l89_s458632_mpnn14_model2,0.89,15.428238795708262,-195.52571818232536,SLPSVEEIKEMIENGEEDIFFNEYLPQYIQKVWKDYQEGKLSPEEFFRFDWQLHYFKHTYELAKKGGPEALELAKKKFLSEFIPLLESL,85.0,105.0,90.5,93.5
258,l71_s283252_mpnn2_model2,0.87,15.30419405320814,-176.5192649960518,LPKEILELSLEEVLADPDKFVQLVMELQNQMHGWQARKLADFILQFIWADKEGQKKVIEELKEWIKENLLG,77.0,63.0,142.5,94.16666666666667
361,EGFR_l89_s458632_mpnn1_model2,0.88,15.239898134578157,-186.26100305467844,SLLSVEEIKKLIEEGKEDELFEIHLPQYIEKVWKDYEEGKLSPEEFFKYDWELHYFLHTYKLAKKGGEEAYELAKKKFLEEFIPLLESY,72.0,93.0,121.5,95.5
26,EGFR_l90_s488899_mpnn4_model2,0.83,12.550900608337804,-176.97744193673134,RVIYMPEKDYQNFDFVMNTMGELIKKAEPILELYKKDPNSKEVIEFKKELEEALKKVEPKYKEFSKSKDKELVAKAKKLYEEAKKIAEEL,17.0,66.0,203.5,95.5
138,EGFR_ECOD_l108_s739389_mpnn2_model2,0.89,12.877312652829964,-222.4331513494253,MVEEFEKLVEEKRKELEKLAKERLSKPEGASEAEKKAVDIILKEFKEWAEKFKEEVKKEYEKWEKEGMSEEDKEYGFQVFDMKFENEFRRYVMALNHPDLDQITPTPK,18.0,179.0,90.5,95.83333333333333
333,EGFR_l114_s689302_mpnn2_model2,0.92,14.839199861570188,-238.36227787286043,PMNLEDFEDVFNFYKKTAKELLEYYKKRFLESMKEYKDPEERAKMKEIQIKDIEDDVSINIEEARKLVEEFSKELEKQGKTEKAKEIREKYGKEVEELEKELKEFLKELAELEL,53.0,221.0,14.5,96.16666666666667
298,l82_s484528_mpnn2_model1,0.9,15.421461745414554,-214.18362230062485,SMADVVAQMVAFSQTLPDNALKTLKEVLTAKFGDKVQFDAGNRVTAVTGLDEDEQWEFVALYWEVWAEELRRGDPAFYAAIH,83.0,148.0,60.0,97.0
92,EGFR_ECOD_l94_s56172_mpnn11_model2,0.91,15.574802309247268,-216.75892405211928,SVEEALEVFEVVVEKVKAYIAAMKSGGDRDEQTDAWLAVHHALYEFDRVTSDKELADELWIYYTHFEFGKGVSEEELLKKLEEARKRLEELLKE,94.0,163.0,35.0,97.33333333333333
243,l90_s9052_mpnn1_model1,0.9,14.728656736446592,-224.9853554368019,GIADFVIEFVEKNVEKYKSAEELIEVVKKKIYEEFPDFETKLSAWQQRYILVQVEFFVTEYFKAYKDGDKPQIEFLKEFFRQEVNSAMGL,47.0,186.0,60.0,97.66666666666667
148,EGFR_ECOD_l110_s485294_mpnn2_model2,0.9,9.075910115649243,-249.0855374708772,MILKIDVSKLSEEAKKLLKPLLERLEEILKRWEEVLSKLSPEQRELAEADFERYVNDVMNFMKDWADKAVKDKSVLENKDEKERFLFETQLMLDFLENYVEWVERKAKKM,1.0,238.0,60.0,99.66666666666667
25,EGFR_l90_s488899_mpnn3_model2,0.82,12.32333530148506,-181.65322914719584,RVIYMPEEDYQKFDNVMNKAGEMIEKAKPILELYKKDPNSEEVKKFKKEMEETLKEVEPDYKEFSKSDDKELVAKAQKYYEELKKIVEEL,15.0,79.0,209.5,101.16666666666667
165,EGFR_Modal_l79_s685177_mpnn3_model1,0.92,17.67998970627204,-181.33296725153923,DMYTEEGWWKFVEAVREVAKEYGVELTHREIVGLASVVVVWYAWEELKTTDAVEIVKELIPKLKDTDPVAKKIYDAMEK,213.0,78.0,14.5,101.83333333333333
244,l90_s9052_mpnn2_model2,0.91,16.05234290570764,-214.6048043370247,DIADFVIDYVEKNVDKYKSPEELIKDVKKLVYEKFPDFETKLSAWQQRYILVQIEFFVTEYFEAYKAGDKPQIEFLKDFFRQEVNEAMGK,122.0,151.0,35.0,102.66666666666667
111,EGFR_ECOD_l74_s1258_mpnn15_model2,0.89,17.315403555729645,-159.4103480875492,APKVPEKLNEFPPEYRELLIFAYREVTDWEEKAKKNPDDGRLAHMAKVQREWAKEVFEKVAKDIGEEKFKKILE,190.0,31.0,90.5,103.83333333333333
80,EGFR_ECOD_l89_s203969_mpnn9_model1,0.9,15.422353760697677,-220.15206795930865,SMLSEFEKMDKYYHEQMPVAWDWMDEVNNDTRRPREEVREMRGIVLEIIDNIWIAWITAEKDPELAEEYLKKVEEKRKELEELLARPPR,84.0,170.0,60.0,104.66666666666667
339,EGFR_l80_s356721_mpnn5_model2,0.82,15.024028482286637,-165.07445941120386,SLEELYKEIMIWFMKNWWEFHEGGLTEEGKEKLIEKYKPYVEELVKKYGLENVKKVVDHLKDIGYDDFVEIMEEILKELE,66.0,40.0,209.5,105.16666666666667
263,l99_s181123_mpnn2_model1,0.92,16.819676962865366,-209.0348555110395,MFDPSKYSVEELFHLTSAIEVAFHHLKLEPPEGVSKEKWKVEILEFFLDLLKESGVKAPEEFVEGIKVAKEDPEKNKDVIEELIKWLEEAYKKAVEELR,166.0,137.0,14.5,105.83333333333333
147,EGFR_ECOD_l95_s143469_mpnn1_model2,0.89,14.790999152470548,-222.144762955606,MSEEKKKLAEVVKKMKEILLEEHEKAKYGESKEISVEGMFFLDYMIHYLDEKRVLNSKGSVEEMVKDIKAVLDWVKKFIPKELLEKVEKEFKKMK,50.0,178.0,90.5,106.16666666666667
329,EGFR_l109_s135945_mpnn5_model2,0.91,15.019073926339582,-237.4996176660061,SEEDKERAKKLIEGLKLMLEVIEEVSKKDPSLFSQDEVDVFRFLVLTHIEILEHEIKHNMIRQFFIDWALDFFKEPIEKLKELLKDHPDEEIRKKMKEIEELFNEAAGK,65.0,219.0,35.0,106.33333333333333
356,EGFR_l83_s210359_mpnn1_model1,0.88,16.140900219234425,-178.80201672762632,MLYKISEWWKKRIEFYLSQFETHYDILVSQLHYFIAFHEHYTKEDLEYMLEVAKEMLERAPNEEIKKELEELVKKLEEIVKSK,127.0,71.0,121.5,106.5
254,l65_s656186_mpnn1_model1,0.85,16.06065514678558,-151.04635164886713,MEPSEEEKAREYIMKQIREVHGEDIVNGYVFVFFRDKDGKFKDVMVNAGDEKSIEEAIPKILKAT,123.0,15.0,182.5,106.83333333333333
86,EGFR_ECOD_l98_s744287_mpnn4_model1,0.91,14.873298169509347,-247.6341276653111,MSPVQKWRIVHDRTMEQFPAIFSKYSKEELKNGGFIDFLVDLYKVAEETAKEIDFPFEPDHPWVEYWFIDVKMQYEYETGEPSPDISFEEFVEAIKAK,56.0,234.0,35.0,108.33333333333333
136,EGFR_ECOD_l76_s331456_mpnn13_model2,0.82,14.920683108738029,-174.37568320333958,IEFTTAEEVQAFFSRSAMMMMVERFSRRHGDVKTPEGRAKLIPHVEEMKSWYADEPELVREAMEEFLQLVKEGKLE,59.0,58.0,209.5,108.83333333333333
285,l104_s416969_mpnn8_model2,0.91,13.901803852347332,-264.2516766488552,LSDKPASEEELEYIIDYVKSKIDELGKKKEAELKGKSKEGDDQYELFKFHLDEAKDQVDWVEEYAKKHPEMTAKEIVEMIRFYLEMYPFLSEEEVEYITDVPPF,25.0,267.0,35.0,109.0
99,EGFR_ECOD_l72_s700865_mpnn4_model1,0.86,15.732619319198426,-176.68913114070892,SKEELIEEMSKLSAEEAIKFVKEHKEELGITKESPNGMHLVFDAMLRSNWTWEERHKVWYETDSLMFDAIME,102.0,64.0,162.0,109.33333333333333
85,EGFR_ECOD_l98_s744287_mpnn1_model1,0.91,15.56612458509974,-232.37357459776103,MSPVEKWRIVHDYTMSKFDEIYSKYSKEELKNGGFLDFMVDLYQVAKEKAEEINFPFEADHPWVEYWFIDVKMQYEYKTGEPSPDISFEEFVEAIKKK,92.0,203.0,35.0,110.0
170,EGFR_Modal_l92_s782173_mpnn1_model1,0.91,17.463986557445914,-192.27890048921108,MKVTVEELLEVAKKIVEKSKNGEKISEEEVKELVETFKKFLEENRDNEEAWAKFHSSGREGWRLFFDAVFSLHVQGYDEYAQEMIDLFMSIP,201.0,101.0,35.0,112.33333333333333
60,EGFR_ECOD_l60_s217084_mpnn2_model1,0.85,16.426384997316156,-136.0529641211033,SEQEKHRKRGYAMIQIEHMEFWINFFKSPHMGLPEEERQKFIEQDKKIIEEARKVVEELS,146.0,9.0,182.5,112.5
338,EGFR_l80_s356721_mpnn12_model2,0.83,15.654543176328502,-164.4161736741662,SLEELYKELMIWFMKNWWEFHEGGLTEEGKKKLVEKYKPFVEELVEKYGFEAVEKVVKHLKDIGYDDLVDILEKILEELK,101.0,39.0,203.5,114.5
334,EGFR_l118_s250540_mpnn2_model2,0.92,14.25214266219056,-277.2686002254486,SLPELIEKHMEKLEKEMKELVKKVYESLSEEELEEILKDPLNSKVLEKKVREVIKETGLMPDTYYGDTEEGVIEAVKEIFEAMVRFKVSLENALIYVIHWWRPKMIWEIAEKYEKETS,33.0,302.0,14.5,116.5
299,l82_s484528_mpnn3_model1,0.89,16.103337555477005,-207.81770238280296,SMEDVVNQMVAFSQTLPAGALKTLKEVLTKKFGDKVEFDAGNRVTKVTGLNEDEQWEFVALYWEVWAAELRAGRPEFYAAIH,126.0,134.0,90.5,116.83333333333333
340,EGFR_l89_s157561_mpnn2_model2,0.87,15.76838073784581,-199.51667442917824,SSEEEELLKLLDLLSPEDIHPRYWRYMQRLLEQKQWDLVFDVIRWYFVDPEHLVELILEKLKKEGKEITEEVKKEIRNLVNKAFGLPLE,105.0,110.0,142.5,119.16666666666667
107,EGFR_ECOD_l79_s978965_mpnn16_model1,0.87,15.921796204570008,-196.40699458122253,MPPLSEEERREIMEKWWEVHHYAWDQFIANVDKMGFDDIPALFGVVDEAHDAMVEDPLGFGERGVEEAKARIDEVIASL,111.0,106.0,142.5,119.83333333333333
108,EGFR_ECOD_l79_s978965_mpnn2_model2,0.88,16.427184002935242,-187.78673856705427,MAPLSEEERRAIMEKWWEVHHYAWDKFIENVDKMGFDDIPKLFGVVDEAHREMVEDPRRFGAEGVERAKARIDEVVASI,147.0,94.0,121.5,120.83333333333333
171,EGFR_Modal_l92_s782173_mpnn3_model1,0.9,17.845129612126303,-184.24484754912555,MKVTVEELKKVAKKIVEKSKNGEKISEEEVKELVETFKKFLEENKDDEEAWAKFHSSGREGWRLFFDAVFSLHVQGYDEEAQEMIDLFMSIP,221.0,85.0,60.0,122.0
149,EGFR_ECOD_l110_s485294_mpnn3_model2,0.88,11.451425779534476,-249.041320681572,MILEIDVSKLSEKARELVEPLLERLKELLKRAEEVFSTLSEEQRELAWADWERYVNDFMQFLKDWAEKAVKDESVLNDEDERERLLFESQLMLDFLENYIEWVKRKAEKM,8.0,237.0,121.5,122.16666666666667
110,EGFR_ECOD_l118_s691758_mpnn8_model2,0.89,14.4619064384945,-249.1722104875371,MLSEEEKKLIQELYEETKDALDIVLEFLEKSKDYNSWWFVEFHLWPVYWDLRSRYAKTREEMEIIDIFFLGVKYILLEVMPKIGIEKARELLKDPEKIYELGKKRYEELKKNPEKNKF,38.0,239.0,90.5,122.5
166,EGFR_Modal_l79_s685177_mpnn5_model2,0.91,18.44190362624595,-183.0485691726208,DMYTEEGWWEFVEAVRKVAEEYGVELTHREVVGLASVVVVWYAWEEIKTTDAVEIVKKLIPKLKDTDPVAAKIYEAMEK,253.0,82.0,35.0,123.33333333333333
146,EGFR_ECOD_l95_s143469_mpnn13_model2,0.9,16.243018052377323,-221.1917645195499,MSEEKKKAAEVAKKMREIIKKEHDKAKYGESEKMSVEGMFFGDYMIHYLDPKRVLESKGSVEEMKEDIRAVIEWVREFLPEELVEEVEKEFKKME,135.0,175.0,60.0,123.33333333333333
125,EGFR_ECOD_l62_s604606_mpnn20_model2,0.86,17.545691003064775,-123.7148010879755,MWSDEFYEVYMKFYRLVHRSPVMSEEGKRFWDLFVEWTVAETEEERKEILEKMRKEVEKLEG,207.0,4.0,162.0,124.33333333333333
51,EGFR_ECOD_l113_s427041_mpnn7_model2,0.88,14.909350391176092,-228.05744818598032,MVIHVPIPEGLSEEEKKVFEKLNELVEKLEEVKETEPDEVRAEKMEPIMKEIEKVYKEIEKIVEKRMKTAPHKKGLELKRFYIDVQFVYKIAKIEYEHEKKIQKELLEKKKKE,58.0,195.0,121.5,124.83333333333333
349,EGFR_l109_s771269_mpnn5_model1,0.91,14.210604972742988,-282.4711408019066,SVNPIEVMMKWKPEQHRELVRLMSDIHIDFHWNWDKWSKGSEEEFFKVDDSIKRMWDIVMAVSNKEVKEEQIEEYNKEIEEFIEIMSSVLSEEEQKKYLVPLKELLYGK,31.0,309.0,35.0,125.0
355,EGFR_l114_s614831_mpnn4_model1,0.92,14.620560711359722,-294.6819776892662,AHPLPADTWERLSGLIDKVLAVLPPEEKAARRAAIEALINDAFAGYEKFSYFELMHRWYDVWFTVTVELWEAVEKYTKNDPEKHTEMQDKVMELVKALPEFEDKLVADWMAKKA,41.0,324.0,14.5,126.5
328,EGFR_l109_s135945_mpnn1_model2,0.9,15.868568305042176,-236.01580366492271,SPEKIERAKALIEALKKLLKLIEEVSKKDPSLFSQDEVDVLRFLVLTHIEILEHEIKHNMIRDFFIDWALEFFKPILERVKKLFENHPDEEIRKLIPEIEKLFNKAAGK,109.0,216.0,60.0,128.33333333333334
168,EGFR_Modal_l82_s721377_mpnn11_model2,0.89,16.718355818703113,-209.0163097381592,SYPKLTADQFISWFKIYIEYIKSMETEEEARLFYYLGGYPHIKEYFKRNPDPNSEETKRVKKAIEEHLPEFLLPDAFSVIPK,160.0,136.0,90.5,128.83333333333334
348,EGFR_l109_s771269_mpnn3_model2,0.91,15.504394288584557,-262.2928265500814,MKNPVEVMLKWKPEQHRELVRLMSDIHIDFHWNWDEWSKGSEEEFFEVDDSIKTLWDIVMAVSNKEVKKEQIPEYNKKINEFLEKMSKVLPKEKQEKYLVPLKKLLTGE,88.0,264.0,35.0,129.0
189,EGFR_Modal_l84_s122851_mpnn2_model1,0.83,15.732995360785216,-183.5546588897705,SLDEIEKELEELYKEVSDPNNKKLSFEEKFVLMTEIQSVIKLIDIYKRKNPNGANGPHGQVIKEEDIKKMFEEIKKKYEEYLKK,103.0,84.0,203.5,130.16666666666666
259,l84_s463478_mpnn2_model1,0.88,16.560703454489687,-201.68426164984703,SEPTQAQRDQVAYMKAYLEEKLSEEEDSEVKAHFALSYAVQWYEHILKIHPDNPFPEFGEWLKEKLREYEEKYGPLPESLQKYL,156.0,117.0,121.5,131.5
284,l104_s416969_mpnn12_model1,0.88,14.094863356249228,-250.9491029381752,LSDKPATEEELDYIVNHVKEKIEELKKEREKELKGKSKEGDDQYELINFHIDEALDQVDWVREYAKKHPEMTAGEIVEMIRFYLEMYPFFSEEEVERITNVPPF,29.0,247.0,121.5,132.5
357,EGFR_l83_s210359_mpnn2_model2,0.85,16.668296082882254,-174.48269823938608,MLYEISEWWKKRIEFYMSQFETHYDILISQIHYFIAFSEHYTKEDLEYMLKVAEEALKKAPTEELKKEFEELVEKLKKIVEEK,157.0,59.0,182.5,132.83333333333334
137,EGFR_ECOD_l108_s739389_mpnn1_model2,0.88,14.990354043657184,-235.97057716548443,MVEEMFKLIEEKLEELKKKAEEILNKPEGASEAEKESVEIILEEFEKWAEEFKKEVEEEYKKWEKEGMSKEDQEYGFQVFDMKFENEYRRYLMALNHPDLDQITPTPE,62.0,215.0,121.5,132.83333333333334
48,EGFR_ECOD_l100_s762605_mpnn5_model2,0.89,16.169360466988728,-224.82021570205688,SEEKEFLKKMMRAYWPMIHDVQIMFFIYDMYDYLLEKGYTNVKKPSDEIAEKMVKELKEILKSYGIDFENDKTYDEEKIEKFVNSFDIKEFFKKFGLLEE,129.0,185.0,90.5,134.83333333333334
266,l110_s944911_mpnn2_model1,0.89,13.391051602986389,-272.4100708384067,MPLLSEEELEKKTEEVLEAMAKVSPLEKGSEVWKEFEKLMREFILEQVREKDLVDTPGVVPEEERPHKHTELRFRIISEMTYIAVMNDFDKYISGEELHAMQDAAIKAIM,21.0,293.0,90.5,134.83333333333334
188,EGFR_Modal_l79_s271133_mpnn8_model2,0.9,18.35381020811676,-189.3136731684208,VRKFELDLSKTPDELIVQIFNIHAHMTSNPEETQAIVDALTAFIPKIEELKKKDPKYQEVLDLTKSMVKELSEWLERIT,249.0,97.0,60.0,135.33333333333334
330,EGFR_l112_s671777_mpnn2_model2,0.88,12.018937269956291,-268.1929979920387,APPPEILSKEEIIEILSKLPSLEEAIEYLKTDERIWQRLYVDPEKGLLDIAEAILEVWPELSQEEARKLVKFFIWAAHEVHFMGAVYDDPSQRIDVNAVLDKVTALIGKHVV,11.0,278.0,121.5,136.83333333333334
278,l85_s910569_mpnn2_model1,0.85,17.020101543999242,-171.51112682558596,MSEEEEKKRRAKLARRSLKVDIEWVSTMEQQNIKDLYNHNFLKSTLEDYKKVLEEAEKDPEKYGLSEEEVKEMRKLIEEFESLIP,176.0,54.0,182.5,137.5
344,EGFR_l100_s478351_mpnn1_model1,0.86,15.23908188405797,-223.9026174545288,ETKEDYIDALLFHFKTFADYFSRLPRERQLDYMRPWAEKNPQVPEALGLSVEEFVERFVAGELSEEERRKARIAYASLWAPKEIAEEVAELSDEEITGIE,71.0,181.0,162.0,138.0
90,EGFR_ECOD_l78_s997474_mpnn5_model2,0.79,16.023590053263966,-177.02802374958992,SMQEEYRKKAEELIEEWREEAKKKYGGDYWHKILMEKPIEELEEAKEIFEKAGDEQHAQDMVAYIEVKRREEVIKSYS,121.0,67.0,226.0,138.0
346,EGFR_l103_s915183_mpnn1_model1,0.89,16.921831996623048,-215.2923428807408,MSEELANKIIEELEKMFEEILNDKNLKPEEVEKKFEEFLKSLPEKLPVSEEEVEKIKKVTKPLVEKVKKAVEEYPNDAGKKAFHLEYELNFMKHELLYYLVDD,169.0,155.0,90.5,138.16666666666666
78,EGFR_ECOD_l77_s901799_mpnn12_model1,0.86,16.882536441014707,-185.2731140255928,SAMDVLKKEDPIVAPLWWDYFEYEVKRMEMKYPLGSEEFLKALEEWLEEFAKEYPIEGPRVAKVLKKALKALIEEKK,168.0,89.0,162.0,139.66666666666666
230,l110_s72471_mpnn1_model2,0.89,14.84411286780852,-268.0043727327138,MEIEIKIPEVKDPRWQHIVEFFLKLVKEEIEGQVKDLIENYKPPKEVEEKLREVGVERFEEFNKEVAEEAKTLTEENTHREVWWRFDEIFFHSVWETADEMEKIIEEEKK,54.0,275.0,90.5,139.83333333333334
331,EGFR_l112_s671777_mpnn4_model2,0.88,12.259379313319531,-269.55268563423306,MPEPRILSKEEIVEILSKLKSLKEAIEYLKTNEEIWQKLYVDPRKGLLELTEAILEVWPKLSQEEARDLVKFFIWAAHEVHFMGAVYDKPEQRIDVNAVLDEVTALIGKHVV,14.0,284.0,121.5,139.83333333333334
74,EGFR_ECOD_l73_s128268_mpnn3_model2,0.82,17.49938885580041,-136.0155371762812,SMEEYKKKLEEKIEEIEKRLKEIHEKIFYANYLDHYGKVKDKKKSAEEWVKLIEEHDKLRDEKEKLEKELESL,203.0,8.0,209.5,140.16666666666666
255,l65_s656186_mpnn2_model1,0.79,17.051873157438372,-151.78848784416914,MEPSEEEKAREYIMKQIREVHGEDIPNGYVFVFFRDKEGKFKDVMVNAGDEKSIEEAVPKILEAT,179.0,18.0,226.0,141.0
342,EGFR_l92_s673215_mpnn1_model1,0.85,15.430539189946089,-215.78774316608903,GAALEARVKALYHRAAPLLYDVWFISHMGDVEKYEELAAEFRELLAEMERVLAEMEARNHPHAGPYREDVDWMRAWFAEVEAWFRKQYVDGG,86.0,158.0,182.5,142.16666666666666
227,l109_s412661_mpnn7_model1,0.89,14.92984207182851,-269.15399545431137,SAMEEKEKKFREKFTEIGEELSSELSKINEKVGKLVKKAFEKTMEYEIEVFRRNGHLLPPDTIFMHFIFEFVWLGYQENLSEEEMDLFYDFIFSNYEKYMPKLEELYMM,60.0,282.0,90.5,144.16666666666666
176,EGFR_Modal_l133_s466137_mpnn1_model1,0.91,15.52251813107648,-282.7671109288931,SEKKLEEIKKWHDETFDRMNTAGRVFWRVAEGDESVTNEELVEQLEVLEELIEELIEKYESLKEKTEKHKENLKKLKEMLKKVKEIKEKFETEEISLEEKKEIAKELREIGHEFNMIFYELYTYLMLSEIWNS,89.0,310.0,35.0,144.66666666666666
249,l131_s88540_mpnn2_model2,0.89,9.781413688829886,-316.6447896361351,SAIEKIEEGVRLVEEAVARFRAHLRAVASAADLAVLEPLLDEFEEDYLGVVREAAERLIAAIKAGNKDEREHVWLEFWLGYPPIFDYRAGVLLETLATLAEGAELRAAFEAAYAEAKRGVEIMLEAGLNAP,2.0,344.0,90.5,145.5
231,l110_s72471_mpnn4_model2,0.89,15.400174132630651,-262.6105524050072,MEIEIKIPEVKDKRWQHIVDFFLKLLKDEIEGQVKDLIENYKPSKEVEEKLNEVAVETFEEANKKLAEEAKTLTEEDTHREAWWKMDEIFFHSVWESADKMEKIIEESKK,81.0,266.0,90.5,145.83333333333334
292,l137_s922133_mpnn6_model2,0.93,15.530135818141211,-319.8359061125666,MVDPEEFVSTVLGFLKRRLKEGPGSKEEVRAMAQLALDFFKDNVDVFGGYGAYMVEMFELVVAETDPERLVYHFFETLLYFSIYLKHISDELEERSKTDEKAKKVWDVLKPVVEELYKLSYVLHIRAKREFPDARRS,91.0,345.0,3.5,146.5
335,EGFR_l118_s250540_mpnn6_model2,0.88,13.806846324954284,-273.96495485305786,SLPELIEEHMKRLEEEMRELVEKVLEKLSEEELEEVLKDPLNSEVLEKKVREVIEETGLMPDGYYGDTEEGVIKMVKEVFEAMKRFKVSVENAVIYVLHWWRPKIIWDLAEEYEKETS,24.0,296.0,121.5,147.16666666666666
302,l92_s79346_mpnn4_model1,0.82,14.033140621718124,-234.0973398089409,SAALIAEARAYIEDLRGYMEDFFDKMSPNLSEESQKEAKEYLEKKLAELEELFAELSETDPEGLPHKMHVAGHQMYDDFVYYFVQLQMKDEE,28.0,210.0,209.5,149.16666666666666
256,l69_s732499_mpnn1_model1,0.73,16.255147728068334,-171.74832475185394,DKYSQTEKMYVRRLLWYAFDTEFFSKEFPGSKAIEDDWKNYLKTEDAKKGIEVFKELYGQEALDKLLSV,138.0,55.0,255.0,149.33333333333334
191,EGFR_Modal_l86_s596395_mpnn3_model1,0.84,14.6224016964386,-233.9249579906464,SMPKEKQLEDGIFEAEFFIHDVRRYRAHSEAHFPDFDRDIFYEDWGRDLIDMFTRNDYGWLFDDPEFRRRAEALDPELMAAVERLL,43.0,209.0,196.5,149.5
113,EGFR_ECOD_l95_s551578_mpnn2_model2,0.89,16.392153996101367,-235.94142055511475,SKEEKMLEAIEVALEFLGKNDDWYENVIAKEGTLKVSLEELKEWYERKDIEKLVEFFRALYKEIMEGKFKDNPEALIISPVIEIVVMRAEALEKE,144.0,214.0,90.5,149.5
224,l109_s412661_mpnn3_model1,0.89,15.270690806482593,-270.15033850073814,SHMEKKIEEFRKKWTEITNEISEELSKIDEKVGKLVKEAGKKTLDYEIEVFKRNGHLLPPDTMWMHFIFEFVWLGYQENLSEEQMDKFYDFFFENKEKYMPKLEELYML,74.0,285.0,90.5,149.83333333333334
117,EGFR_ECOD_l123_s377335_mpnn10_model2,0.9,16.254309532225754,-258.183024588041,MSEEEKKKEVHKIMYELHRSFYIPPPSWSKEEVELFFVTMPYLHQFEDVIWEQWDKIVKLYWEKKYKELAEAVRELSRALRERFPEVAATIPPEVREGVEKVLELFGKFTEELAKKIEEIAES,137.0,257.0,60.0,151.33333333333334
205,l91_s501285_mpnn5_model2,0.86,17.89223894463025,-179.1360923498869,SEKVKENLKKFFYYLEIWFEAGEPSVQKYLPEFKKVFEEVLKNEDDPEKMLKKLKEKLTPILEKLRKENPDYAELFFPEDWLDKELEKIGK,224.0,74.0,162.0,153.33333333333334
124,EGFR_ECOD_l121_s643730_mpnn9_model1,0.91,15.98726594003274,-279.4399985857308,MVYVDVSEEEFEELLKKLEEIFSDMDEEERKWLAEHSPAYRELEALLPVLEKKVKAGEPIPVSELHKFIMHSLVVSMDLQIYKAYYKDQPPQTEKDFEKWNEIYDFWVPKIEEAKAKPVPP,119.0,307.0,35.0,153.66666666666666
53,EGFR_ECOD_l111_s17968_mpnn4_model1,0.89,17.472358082720405,-219.6478652060032,SVKEELEKLHKEATSGGESDEQWVFRFYFGNALDTALHIADLLDRAEETGDKSYVDKARSHLWYVYDNLEKAKEYVEKLDEEDRKRYSELLERFERIVEEELKPRLEELAA,202.0,169.0,90.5,153.83333333333334
47,EGFR_ECOD_l100_s762605_mpnn2_model2,0.88,16.192355152979065,-235.08706277608871,SEEKEFLRKMMRAYWPPIHDVQLMFFIYDMYDWLIKQGYTNVKKPTDEQAEEMVKELKELLKSYGIDFENDKTFDEEKIDKFVEDFDIKEFFKKFGLLED,130.0,212.0,121.5,154.5
64,EGFR_ECOD_l117_s302747_mpnn2_model2,0.89,15.97920627055893,-261.3117950260639,SMELEKAFELIEKAVEKAVSKIPKNTEFHDFVITLSWEILDILRNDEEFMNIDLESLDKEKIVEKVAELIIEAYKKHNGGELSKDEKEHIRIEADLLVDILRWYNKHYKKRKKEKLE,117.0,262.0,90.5,156.5
141,EGFR_ECOD_l80_s125436_mpnn2_model1,0.86,18.23433192431562,-178.23151690512896,MKVYSEEEKAEYRKRFDKWLEQTKPYLDHLKKMAAYDPKQAVEYFEDFVNHEHLILDIPKELFEEFLKDTELYKVIKAAA,242.0,69.0,162.0,157.66666666666666
197,l109_s426564_mpnn9_model1,0.9,16.94666710987014,-250.57860136032104,SPAEMIKKLKKAMEILEELNRGNLDVEKALEAAKIVAEVMEEIASLAEPGGLVHWYLMEAKWIKEELEKYYKKGETPENLMYYVKMLHHIARDGVEWLSEKYPEAAELA,171.0,246.0,60.0,159.0
375,EGFR_l164_s996609_mpnn9_model2,0.89,13.090010997211422,-366.2628319263458,SIREKIEKIMNEEYAKFKEKLEKAKSFGEMMVYKQYALASFIYNIAKYFADNSEQTPETKEILEKVEKIYEELKKPLENLPKSVEETKEWLKEAEKKIQELEDLAMKLINKIAEEKKMTQHEYTEIMRAIYDSLFMLEVETWDLIDELWKKKPEMQKEHDELWS,20.0,369.0,90.5,159.83333333333334
109,EGFR_ECOD_l118_s691758_mpnn3_model2,0.88,15.14086294658697,-271.8545995382592,MLSEEEKEFIKKLYEETEDALNIVIEFLEKSKDYNAWWFIEFHLWPVYWDLRSRYAKTREEMELITNFFLGVKYILLEVMPKVGVEEAKKLLKDPEKIYELGKEENERLKKNPEENKF,70.0,289.0,121.5,160.16666666666666
118,EGFR_ECOD_l123_s377335_mpnn4_model2,0.9,15.988370514381472,-276.58558959141374,MSQEEKDKEVHKLMYELHRSFYIPPPSWSKEEVELFFVTMPYLHQFEDILWEQWDEIVKLYWEKKYEELAEKVLGISDALWAAFPAFAAQAPPEVVEKVKRVLELFGKFTEEIAKKIKEIAES,120.0,301.0,60.0,160.33333333333334
65,EGFR_ECOD_l117_s302747_mpnn5_model2,0.89,16.355105220419233,-255.2081743478775,SKELEEFKKLLEKAVEEAVSKIKENTEFHDFVIELSWEIIDILRNDEKFMNIPLEELPKEEIVEYLAKLMIEAYKKHNGGELSEDEKEHIRIEADLAVDILRWYNKHYKKRKKEEEE,143.0,252.0,90.5,161.83333333333334
341,EGFR_l89_s157561_mpnn4_model2,0.86,17.809021693897122,-198.11247681081292,SAERERLEELLGLLSPEDIHPRYWRYIQRLLEQGQYDLVFDVIRWYFVDPEHLVELILERRKAEGEEITPEVEKEITNLVNWAFGLPLE,219.0,108.0,162.0,163.0
183,EGFR_Modal_l148_s304929_mpnn4_model1,0.87,13.518415371893637,-297.3183284923434,MLTSEEKTELFKEFQATFWDMLYLVYKADEELEKYFKENPDTPEEFKEMMKKGMELAHTFVININDAFFDALWGESEEGLKRGREVIKKFKEEVEKLLKEAEKKLNKEDFEKFKEFIEKLAKELIEKAEALLKKMEEKFEKKKKEEAK,22.0,326.0,142.5,163.5
192,EGFR_Modal_l86_s596395_mpnn4_model1,0.8,15.91561650376362,-220.44554698467252,SMPEEKKIEDTIFELKFFIHDVKVYYEHSKKHFSNFDEDIFYTDWARDLIDMVKRNDYLWVFDNPKVQEEIEKLDPKLYAAIKKLL,110.0,171.0,221.0,167.33333333333334
43,EGFR_ECOD_l112_s690234_mpnn6_model1,0.86,15.950068222337244,-244.4514057487249,MMDIYTLFIIKSTEVETRPEMAKVVREKAKKVLEELGIEYVEPDPENPDLEALKKTIDEIIEKGIEKGYSLQEIIEKISYVLVDVYLQVGWKVTWELIDYAEEKLKKIEKEK,112.0,229.0,162.0,167.66666666666666
95,EGFR_ECOD_l87_s244311_mpnn3_model1,0.87,17.883594128861496,-209.21808916330335,SSMREKIREELRKLSEEELEKVVKELDKELIKKGDENSDIEGYFEKLFILSNEMWTAFHRYRITKTERAREEAIEKMVEAKLIVETP,223.0,138.0,142.5,167.83333333333334
10,EGFR_l117_s561241_mpnn2_model2,0.89,15.959990985039294,-274.1139128385112,MEIDEEAVEEFLEKMGELVEFVSKPVEEQEKSDITMEDLRKKLEEIYDLLLRAFHSSGREHVEEVAERLRVPILEILENLEKNKKEGLDEELYWVLEMHAWTLLWFLDYYVEYAREN,116.0,297.0,90.5,167.83333333333334
269,l132_s543670_mpnn2_model1,0.89,15.95589597667496,-275.5222573429346,KKEEIKKEIDEIFYEVAEKVAAMKPLLMKLMENHPNPDAFVWLFEFSVELEVIIHRAEQHKRGKYKLTSEHLEEFLEILKEFKKKLEEEYSKYSEEEKAKIEPLLNEIMEILDEVIKKLEEAVKKLKEIEEE,114.0,300.0,90.5,168.16666666666666
345,EGFR_l100_s478351_mpnn2_model2,0.86,17.022867632850243,-219.43198707699776,ETEEDYIDAMLFHLKTFADYFSRLPKERQIDYMRPFAEKHPQVPEALGMSVEEFVERFVNGELSEEEKRKARIALLSQWAPEEIAKKVAELSDEEQFGIK,177.0,168.0,162.0,169.0
126,EGFR_ECOD_l65_s536224_mpnn15_model1,0.75,18.20556199677939,-153.67273390851915,MPSFEEMEKEVEEFLARKEPPSVEEFHRVDWMEHVVNYYYKKETGKDSPLYEKFTPLIHKLFWGD,239.0,22.0,246.5,169.16666666666666
84,EGFR_ECOD_l95_s867882_mpnn2_model1,0.88,17.23597440461056,-231.06994985044005,APVTLEDVQAIMDQYPNVPVEELIKRYRELLRKIVSEEVFKEIEKVLDSGLPWHEVYYKVDEIHQKYKATREQRIMSFWVVHHLWWAKHVYREWE,185.0,201.0,121.5,169.16666666666666
248,l131_s88540_mpnn1_model1,0.87,11.049497240353531,-339.6775555610657,SAIEKIEEGKKIVDDALAAFRAYLESIASAADRAVLDPLLDEFYRDYRSVFDDFVKKSIEAIKAGNKDEREHVWLEFWLGQPPIFDYRAGVLLATLATLAEGPALAAAFRAAYARAQEGVEIAGEAGLNAP,6.0,360.0,142.5,169.5
72,EGFR_ECOD_l121_s306155_mpnn1_model2,0.9,16.41983484382694,-277.93029072880745,SNLPSLREYLEKKKKEFEEKLPEMTLEEAYKEAIELVEEFAKYAKEYAKEKGFYSFLVEDVINNHKIFTILSIEMEYDEFKENPEKSKFTEEELKKWMFETVVRSANQLIDTIERLDKRYG,145.0,304.0,60.0,169.66666666666666
11,EGFR_l117_s561241_mpnn4_model2,0.85,14.533808855306445,-272.2428272077814,MEIDEEAVKRFLEKMGKLVEFVSKPPEEIKKSKYTMEDIRRLLEEIYDLLLEVFHRSGREHVEEVAEIVREPLLEILENLEENKKKGLDEELYWVLKMHAWTLLWFIDYYIEYAKQN,39.0,291.0,182.5,170.83333333333334
202,l80_s174646_mpnn2_model1,0.81,18.04434339774557,-176.86567988991737,TDDNAFELGEKVIEEMKRLMENSEKYSPRRVYHEYLRLKFDYDWVLSLMKKDEKGKEFAKKLEEAMEELKKYMKEKHGFP,232.0,65.0,216.0,171.0
50,EGFR_ECOD_l113_s427041_mpnn5_model2,0.86,16.23082389238026,-237.06891010701656,MVIHVPIPEGLSEEEKKVFEELNELVEKMEEVRKNEPKEIRAEKMEPIMERIEEVYKKIEEIFEKRMKTAPHKEGLELKRFYIDVQFVYKIAKIEYEHEKKIEEELKKKKKLE,133.0,218.0,162.0,171.0
52,EGFR_ECOD_l111_s17968_mpnn3_model1,0.88,18.64131174652914,-207.1367199718952,SDKEELEKLHKEATSGGESDEAWVFRFYLGNALDTALHIADLLERAEETGDKSYVDKARSHLWYVEDNMKKAEEYVKKLSEEDQKKYQGLLDRFKDIVENRLKPRLEELAK,259.0,133.0,121.5,171.16666666666666
114,EGFR_ECOD_l95_s551578_mpnn3_model2,0.88,16.741175184337656,-246.3251130282879,SDEDKMLEAIEVAMEFLGKNDDWYENVIEKEGPLKLSLKELKELLEKKDIESLVEFYKTLYKYIMEGPLKDNPEALIISPVFEIVVMRAEALKAS,161.0,231.0,121.5,171.16666666666666
295,l60_s334678_mpnn4_model1,0.73,17.990160225442835,-162.4536530971527,SAEKEKKFEEEVEYVKVKVFGWDKEFEEFMREMSPKEEMEKHEERFRELAFQRLPEEYRK,227.0,32.0,255.0,171.33333333333334
123,EGFR_ECOD_l121_s643730_mpnn14_model1,0.9,16.47232536165342,-277.6093052672222,MVYVKVSEEEFEELLKKVNEIFSDMDEEEEKWLSEHSPHYRYLKELLPILEEKVKKGEEIPVEELHKFIMHSLVVAMDLQIYKAYYKDQPPKTEEDFAIWNEIYDSWVPKIEAAKAKPPEP,151.0,303.0,60.0,171.33333333333334
93,EGFR_ECOD_l124_s974444_mpnn9_model1,0.9,17.180747818295153,-267.07639925181866,SMEEVVEKFKEFMKKLESLGVDVKEVAERFIIDFKYYAPKLKDKIKQGVSEEDLLDVASLMMTTLARFIVVKLREAGVKDIPEELSESELSKFFGKLYIEMVKVELEEGVPLEEILKKLKESVE,183.0,274.0,60.0,172.33333333333334
198,l134_s366466_mpnn1_model1,0.91,16.16472252265244,-334.89080715179443,SLVEKLIELFMAGVEVVKELNPEIKEDLDEIVDYILNSPAFQAVANADPSKTDVWDVMHALQAGLLDIMTGESGIPLTKERHAIVIALWHLVDYVALKYVLDPEYYSDVEKAKPEVKEYGKVLAKELKERIKRM,128.0,357.0,35.0,173.33333333333334
320,EGFR_l85_s83006_mpnn2_model2,0.85,18.1150692431562,-193.7532968819141,SMVKEVLEEMLELAKKEKLDPYHIMDLEWAIKVYGTEGGYWAIYEAYWTFKFFAPKEVLEEFLKKYGEKFEEEMRKLMEEERKKL,234.0,104.0,182.5,173.5
283,l92_s262137_mpnn2_model1,0.78,15.981677956311696,-220.7824879586697,SKAEELLEKMREIAFGVEGRWSMENLPYTREVWEVKFWVTHAIEKKSRTYVMHFVNWWNTLPEEEREKLRKEMPGLDEVVELMKELYELYSK,118.0,173.0,232.0,174.33333333333334
70,EGFR_ECOD_l109_s849365_mpnn5_model2,0.9,16.513166467225105,-283.40242451429367,APTPVKFKFNKEKGVEVVSRDGGPVKFDDWDVAVPYWFYATELMVIFHRMRIKNGNDNEKAMKDPVVQKLKKEIEEFNSVADSLSKEEALKKLKEIVEKFEKETWALAP,154.0,311.0,60.0,175.0
19,EGFR_l97_s44602_mpnn12_model1,0.64,14.9722711124392,-226.9367000758648,GEWEEKLKEYLEKAIEVLEEFKETRDPNAAHRLFMIVVEMTTEIWKIVPPEDEEKVKEVVWIMQYVDSFLYYRGPEHATDEEIEYQLELVKKALETV,61.0,188.0,278.5,175.83333333333334
238,l136_s49134_mpnn1_model2,0.9,16.446367457611068,-288.73429068923,MKSLEEMKEHLKYIIPTTFGDLDAIKKTVKLLKEKKLSEEEIGKIFGWNSKREESLKILREKGFSDEEIDYVEVARFNFMTLMEIINFYFERSGLSKEEFKEMLIELLSEYLTEIVEGISEEEAKKIARGMFKYLL,149.0,319.0,60.0,176.0
116,EGFR_ECOD_l116_s908689_mpnn4_model1,0.85,15.606848450774612,-251.69921666383743,SAEEIKKELEKFEKALPLIEEFLRAVDQGSASDEELIEKLEEIVSLMKWYSSNYKPLLEKLRKDKNPSKEEEEVYWMLQVYEIMFDPLKWTLERYKEHYESQGKEKLVELISKIIE,97.0,249.0,182.5,176.16666666666666
207,l73_s928659_mpnn4_model2,0.76,18.323115831734057,-164.0217754431069,MTYKLIGYKIPKKEDEESEKVEYELSPANPVLGQMLRSFPPEEAEAWLKKQVEWWKEVLEAYGYGEIKVEKVE,247.0,37.0,244.5,176.16666666666666
215,l93_s57426_mpnn1_model2,0.84,17.8693881703115,-199.94303938001397,GMKWLIRWLKYDVQFMLFVLEPELPEDKEKRKELLDKFLEEEKEYVKKKLEEYKEKKLGEREPSEEEVEEAEKELFEYIEEEVKKMREKFVEK,222.0,112.0,196.5,176.83333333333334
17,EGFR_l92_s639015_mpnn10_model2,0.79,16.486791465378424,-215.0339746773243,SRPELEFPKSLFDPKDYWIFNKNGEIDPSEIFSDPEKTFWAYVDTLSEEEQKKLIAEYKEILSLPEEEQMWRRPHLASMMIKGYRVIKEKEK,152.0,153.0,226.0,177.0
143,EGFR_ECOD_l125_s195984_mpnn1_model2,0.87,15.272385442834135,-287.7461479008198,SPEVEEAMKRLEETIERMREVAEKHGAPEVEKVIEFARELAEIIKKAGKPELLKEFVERFEHAAQVYIRAVEEGDSPEEAMYWGIGVLVIHLIEIRYMARFIKEFQEKYDEFDKWANEFIAEVNK,75.0,317.0,142.5,178.16666666666666
71,EGFR_ECOD_l109_s849365_mpnn7_model1,0.9,16.811926014566616,-283.7391083240509,APWPVKFKFTKEKGVEVVSRDGGPVKFDDWDVAVPLWFYATELMVIFHRMRIKNGNDPEKAMADPVVQELKAELEEFNAVRDSLSEEEALARLKEIVDKFEAKTWSLAP,165.0,312.0,60.0,179.0
12,EGFR_l78_s369024_mpnn16_model2,0.65,18.04222511251497,-162.48006764054298,SEEEKRERMREEIRGVFEDFHIPVTEEDIEEVLRMVEESGDYERIGTFAFIEYGKKHPEEKTHIVSRDKNGNVEFYEF,231.0,33.0,275.5,179.83333333333334
251,l147_s449248_mpnn1_model2,0.9,15.957037146581662,-353.42635047249496,MDPNVIPSDEEVRELAERIREDMKKYSKNEQLERAMELAHELLTVTWLVMRMSRDEKLREELDYIGWDMFSKVADYEEKAQEERKNGEKEPSDEIIDGMIDALTDFVVKMYEAIRKYASEERKVEMVSLFVEEFEKVYKRVIRPEEL,115.0,366.0,60.0,180.33333333333334
362,EGFR_l98_s268344_mpnn1_model1,0.85,17.736727792566302,-212.9570413529873,SMEKVLELVKKMKELVKTKEPKEAWYEIEYMVRHFLHILLPKMKDELSPEEYEHVKKVFEEFHKKLFYFYVEEFFGPEEEVREKLLKMIEEMEKKILE,216.0,144.0,182.5,180.83333333333334
174,EGFR_Modal_l114_s907159_mpnn4_model1,0.87,17.133307978077237,-238.79649291932583,SEKIQEEIKKLLEEFFKLVLEALDESIKLFKELKDDFGVTALENWKKELEGYRKKFEEGHVFSYYELGRLAASFDFLSKVVLDYLEELGLKTEASEKLKEAQKLLDKILELQAQ,180.0,222.0,142.5,181.5
363,EGFR_l98_s268344_mpnn2_model1,0.88,18.71995037628578,-216.54042211174965,GMEEVFELIEKFLELVETKEPKEAWYEIEYMTRHFLHILLPKMKDKLSPEEYEHIKKIFEEFHKELFYFYVEEFFGPEEEVRKKLKELIEKAKKKLEE,262.0,162.0,121.5,181.83333333333334
350,EGFR_l110_s553092_mpnn12_model1,0.82,15.585576123554386,-249.8178071975708,SPIKEDMEAYLEEMEALIERMQGLLDKAKKKYEENPGDPKIKQETLDKFEEKIREAKRKLEELREKLENYDKLVEEMGGEEPFTEKMYKEFHEKYMDLMHQDVQFHYEFG,95.0,243.0,209.5,182.5
204,l91_s501285_mpnn4_model1,0.85,19.29602095167313,-186.1932763159275,SEEVKEKVKKFFYYLEIWFEAGEPEVQKYLPKFKKVFEEVLENIDDPEKLLEELKRKLEPIIEELRKEAPDYAELFFPEDWLEKELKKIGE,275.0,92.0,182.5,183.16666666666666
196,l109_s426564_mpnn17_model2,0.9,18.192265656162743,-255.81380814313889,SAAEIMKALQEAMEILEGLNRGDLDVGKLLEAARIVAEVMEEAAKLAEPGGLIEWYQMEARWILEKLEEAYKKGETPENLMYYVKMLHHIARDAVEWLAKNYPEAALLA,237.0,253.0,60.0,183.33333333333334
190,EGFR_Modal_l84_s122851_mpnn4_model1,0.81,18.20033988957902,-191.57073804736137,SLDEIEKELEEMYKEISDPKNTKMSFEEKFVLMTEIQSIIKLIEIYKRKNPNGANGPHGQVIKEEDIKKMFNEVKEKIEEYKKK,238.0,98.0,216.0,184.0
343,EGFR_l92_s673215_mpnn2_model1,0.59,16.46707256878807,-201.47566243028268,MDELEARVKALYHRAAPLLYDVWFISHMGDVERWERLEAELERLLAEMERLLDEMEAADHPHAGPYREDVDWMRAWLEEVRAWFEKQYVAGG,150.0,116.0,288.5,184.83333333333334
182,EGFR_Modal_l148_s304929_mpnn1_model2,0.85,14.12731111546329,-313.88089670985937,MLTSEEKTELFKEGQAIFWDMLYKVYEEDEKLEKYFKENPDTPEEYKEMMKKGMELAHTFVINFNDAFFDALWGEDPSGLERMRQVIEDFKKEVEKLLEEAKKKLDEELYKEFEEKVKKLADYLIGKAEAFIERLEKAFEEEKKRAAL,30.0,343.0,182.5,185.16666666666666
154,EGFR_Modal_l102_s998730_mpnn1_model2,0.85,17.15206561207414,-227.7769283540547,MAFDWTLEDIQLMHVAEHALFRFSRWAKEGEPMPREELEARLVEELSQWYPVPREKIAEVVRLVAEKAEEVGEEKLKKYGGDHKLKDEIMREVYERWLKEFR,182.0,193.0,182.5,185.83333333333334
184,EGFR_Modal_l62_s177246_mpnn2_model1,0.54,18.48813386317594,-138.2003499120474,EIVFIPIGENEAFVIYHDGDWPRLQNVVFESKEELEKYIEEEAKKLKGEIIEEEDGSRVIKP,255.0,10.0,294.5,186.5
223,l108_s653201_mpnn4_model2,0.86,16.25531848273394,-260.0237680077553,LSPELQEKLKRVEEMLEEARELIRFIREELPVLVAQGVIATDTGFLDVDTLTAFMEEFVREWTELLEELRETDPALEPLVKKLGKELHHLEPELYHAQIQFVWLMPEP,139.0,259.0,162.0,186.66666666666666
177,EGFR_Modal_l133_s466137_mpnn4_model2,0.91,17.832120942452754,-279.2346323132515,SEKKLEEIKKWHDEFFDKMNTAGRVFWRVAEGDTSVSNEEIVEQLDVIIETIKELIKKYESLKEKSEEHEKNLEELKEILKEVEEIKKKYETEEISPEERKEIAKKLREIGHKINMIFYELYTYEMLSEIWNS,220.0,305.0,35.0,186.66666666666666
239,l136_s49134_mpnn2_model1,0.91,17.360683906412806,-298.4059604853392,MKSLEEMKEHLEYIIPTTLGDLDAFVKTIKLIKEKKLSKEEIGTIFGWDAKREDALKVLKSKGFSEEEIDYVEVARFNFMTLMEIVNFYFERSGLSKEELKELLIEMLSKLMTEKVEGLSEEEAREIAEGMFLYLL,197.0,328.0,35.0,186.66666666666666
142,EGFR_ECOD_l80_s125436_mpnn4_model1,0.84,19.86779166666667,-182.1079903393984,MKELSEEEIEEYKKRFDKWLEQTKPYLDHLKKMAAYDPKQAVEYFEDFLNHESLILDIPKELFEKLMEDTELYKVIKAAA,284.0,80.0,196.5,186.83333333333334
225,l109_s158244_mpnn2_model2,0.86,16.210231204479314,-264.9321206510067,GLRQGFAEYVEDQELYFGEDERYQGHREFWFYGLSEEQKELMLELIREYLEILRRFLEEGVPLEELKRRLEEAIERMRRVSEENGILPRMQPFIEQGERHIGYIERELE,132.0,268.0,162.0,187.33333333333334
370,EGFR_l173_s588938_mpnn10_model2,0.89,15.62753111241425,-407.8817640244961,NFFGDKPEEELSPAEKFVKKFLETWRNGKEFDLIAVLNEVGSLEEQIKAILTVIELIYRELVSGNLPVWSLKTAEDRAAKAEKIAAAFKKWKEQWKEYESTWPEDEVTRLAKEAFTLFLDHLIKVFTLAAEYYKALAEGNEELATEKSYDLFITQMEGTVAVYRKLDEVVAAL,99.0,376.0,90.5,188.5
172,EGFR_Modal_l97_s508577_mpnn1_model1,0.88,18.444722844763184,-227.42188850045204,APPMTYEDVVKEAQELVRKTVETLISKPLSEEEKKLLREQEEKLIAEIPGWVEFLKSHGVAPEPALQRLKWHFYYKMRVLAIWIDIDPEEVREALGL,254.0,190.0,121.5,188.5
169,EGFR_Modal_l86_s501776_mpnn2_model2,0.76,17.018160131820395,-214.16615104675293,APPIPSPRDILNLPWMDPEELAKLLREGLPEEYHAKFEELVGPLIEEYKKEKEKSKGNPEEQRWWRIVYHFQLQFLYFILWDEIHA,175.0,147.0,244.5,188.83333333333334
195,l134_s366466_mpnn2_model1,0.91,16.98769155430577,-338.0268951356411,MLVEKMIELVKAAVDVVIEKNPELKKDAEEIWNYILNSPAFQAVANADPAKTDVWDVMHALQAGLLDIMTGESGIPLTKERHALVITIWHIVDYVALKTVLDPEFYLDVEKAKPEVKEYGEVQAELLRERIERM,174.0,358.0,35.0,189.0
228,l110_s305903_mpnn3_model1,0.86,15.769861147708976,-275.4245210289955,ADSGIKLSENDKAYKEVVERMVEELRKDQLEVTKVYLKDNPGGGDEKIKKDVEDHVEFQNMMALDEFERMTPVYMRLNGISEEVAEAVKKEFEERLKEIREEVMELVEKS,106.0,299.0,162.0,189.0
175,EGFR_Modal_l114_s907159_mpnn6_model1,0.88,17.525877546119727,-249.55200201272964,DAEKQKRIEELLKEFFELVLEALEEYLKLLKEKKDDFGVTAVENWTKELEGYKKKFEAGHKFSYYELGRLKASFDFLSKVLLDYLEELNEETEASKKLKEAQKLLDEIMKLQAE,205.0,241.0,121.5,189.16666666666666
187,EGFR_Modal_l76_s82501_mpnn2_model2,0.73,18.001359966946353,-184.73156981170175,MMSIDERFEEIWEIVEKHEWKTEEEMAKGLVVWHMYEYYKRVKESKTMPEEEKEKDLQFAYEEAEKHAKPVIEEAE,228.0,86.0,255.0,189.66666666666666
203,l80_s174646_mpnn8_model2,0.81,18.85528532608696,-185.09307146072388,TDENAFELGKKVIEEMERLMEEAEKYSPRRVYHLYLRLKFDYEWVLSLMGKDEKGLEFAKELEEAMERLERYMKEKFGFP,267.0,87.0,216.0,190.0
159,EGFR_Modal_l113_s488304_mpnn1_model2,0.8,15.13202264403688,-269.0789309591055,APEVPPVKLSKEQVEYYKDEFDFRYLTALDVIDWYLDRGRISEADAEEARAVVDRIWEDFKNGVLDLSDSLIPPAGTSHAAHLLELVRPLFETRYYQIYKDVTGRDLKKELYE,69.0,281.0,221.0,190.33333333333334
186,EGFR_Modal_l71_s362622_mpnn1_model1,0.71,18.96840817853984,-164.15105882287023,MLKKVSVKGLTKDEIFDKYWPKMIEAWRKYHEIDPADEEARKEFWEMELKAWESFGDAIHNPPADYVYVIE,270.0,38.0,264.5,190.83333333333334
226,l109_s158244_mpnn3_model1,0.86,16.32451092496565,-266.3210906088352,GLRQGFAEYVADVELYLGDDERYQGHREFWFYGLSEEQKELMLELVQRYLDVLREFLERGVPLPELARRLEEVRERMREESERNGILPRMAPFIEQVERHIGYIRRELA,142.0,272.0,162.0,192.0
55,EGFR_ECOD_l82_s626736_mpnn2_model2,0.66,18.00886208318605,-179.9258032143116,APLSPKERNWELMREVQNLMFYMEVWPERVTAERIRELIEKYGDSPYFPEYVELLREYIERHELWDKIPEEARKELERLISL,229.0,75.0,272.5,192.16666666666666
217,l95_s959678_mpnn1_model2,0.85,19.12561157725231,-202.31639019213617,MKKPSVEELAEKLIEVLEKIKKATEEEKKKHGPVHQHYYEQELKKIEEKIKEIEENPEKALKNFDFDEAVYRVAWFGGTMEIIDEIDELQKLIES,273.0,121.0,182.5,192.16666666666666
39,EGFR_l84_s155933_mpnn19_model2,0.75,18.73617015566291,-178.16999618709087,SEIEEYREKIRRYVAEAQEALVNYMKSTDEAEKKAQIAAMRAAVAEGRRLFEELRRRYPGEITREMYEYEYDLQFYEAVLEDLP,263.0,68.0,246.5,192.5
29,EGFR_l99_s828401_mpnn10_model2,0.77,16.2643671009613,-230.66731655597687,PVTIEEYAQEEFEFLQTMDNVERWFYLSWWYDVTKDPSHSEDYREMAREVLETFFREDPDPQAVVEQMAKDLGREDVAARARELSPEEALEAFIELHEL,140.0,200.0,239.5,193.16666666666666
42,EGFR_ECOD_l112_s690234_mpnn1_model2,0.86,17.658873073383944,-232.9496295452118,MMDIYTLFIILSTQVETRPEYAEVVRKKAKEVLEELGIEYIEPDPENPDIELLKEIIDKIIEKGIEKGYSLQEIIEKISYFLVDVYLQVGWKVTWKLIDYAEKKLEEIKKKE,211.0,207.0,162.0,193.33333333333334
208,l73_s928659_mpnn6_model2,0.65,19.454492202148543,-158.89685847237706,MTYRLIGKKIPKKEDEESEVVEYELSPSNPVLGQMLQSFPPEEAEAWLKKQVEWWKEVLEAYGYGKIEVVEVE,278.0,30.0,275.5,194.5
325,EGFR_l106_s660363_mpnn2_model2,0.8,16.713254033360677,-232.4291352406144,MMGEKPKMILEDLKKILEEMEKDFENKKMNAEDFKDVLLAWEPYYHYEIKSLTPEELEQFIPEFEKLMDEYIEKMGKKDPEIKKALEEFKQKLLGYVEEAKKYWGL,159.0,204.0,221.0,194.66666666666666
1,EGFR_l61_s724049_mpnn1_model2,0.53,19.87243169398907,-123.36240687966348,SMELVEEKIKEVEEELKKNPEWSDEEKMKKIWELFSLPEVKEATRGKVYYVSPDWKITIMD,285.0,3.0,296.5,194.83333333333334
134,EGFR_ECOD_l124_s963420_mpnn10_model1,0.87,15.95200009090437,-300.6667368710041,PLPFDPWKLYPVFVEWAEKNGMKSSRPIVYGLSDFHLDWHMAEEEEPDPSLYSGVLAEAREEVIASRGKSEAEQVEALVRYVVSYIVEEKYKGKPLEEKRKEWERLVKEVLEEVEKKFGIKFPE,113.0,330.0,142.5,195.16666666666666
373,EGFR_l162_s861751_mpnn3_model1,0.89,16.08827945766486,-370.4945002645254,MKPDMSMTWTEETFDKVEEEMEKLKEKLKEENIPLKNLTPEDLLKFVELMLEFYEKAVEPGNVVETFWFLYKVYFIAKQMEPEDFQKIVTYLVGYALYKEYELLYEYTGNEKFKKKAEEYKKVREKALEAIKTGKPLEGVKPLTIHDIHDQIFGLWYDWIEL,125.0,370.0,90.5,195.16666666666666
347,EGFR_l103_s915183_mpnn2_model2,0.78,16.94881204759001,-224.4927624836564,MSEELANKIIELFKKKVNEILNDKNIKPEEVYEKFEEFLKELPKILPVSEEDVEKIREVTKPYVDKIVEAVEKYPNDAGKLAFHFEYEFNFMEHELLYYLVDD,172.0,184.0,232.0,196.0
140,EGFR_ECOD_l65_s269639_mpnn8_model2,0.64,19.12843119038771,-163.77823221683502,AEEEKILAEFDALVEKTKDNPEAWIWAQTAREQWIHYFSNPKFKHTKETIDEFVETSRADVESIM,274.0,36.0,278.5,196.16666666666666
58,EGFR_ECOD_l110_s369015_mpnn4_model2,0.84,16.977171936758893,-238.0773406624794,SLVESVERMKEETERDIEEARKRIREHGEKEGHKPEEMEVDIGLIEWQDLHVAKFRAKYMLKDYEKKYGKPSEEELKALKDLIEEFEKRAEEIWKRHEEALSKLPYREEA,173.0,220.0,196.5,196.5
368,EGFR_l165_s96971_mpnn5_model2,0.88,15.6048114966086,-399.5976035455242,MNISREELKEKVREVLQFLIDKLLSQPSEKFPEFVGVAKMIQAILNDEEALEIFIEAVELVLELEEQRENGEEEDKEVKEKLEELLEPLLKYVDTSIHNPIWFLRDVAFQLGVPNVHEKFQEVWNKMWEWLINEEIDYNTAAARGAILLLIWVVAELIKNPELLE,96.0,374.0,121.5,197.16666666666666
218,l95_s959678_mpnn14_model2,0.77,18.1072034070684,-202.3486704044044,MEKPSVEELAEKALEVLDGIEKATRAESKKHGPVHQHYYEQKLAEIEERKKAIEENPEEALKNFDFDQAVYDVAWFGGTMDLIDKIDELQKLVEE,233.0,122.0,239.5,198.16666666666666
160,EGFR_Modal_l113_s488304_mpnn5_model2,0.81,15.456934789733944,-272.5578956604004,APPVPPVKLSDEEVEKYKDEFEFRYLTALDVIDWYLDRGRISEADAAEARAVVDRIWENFQNGVLDLSDSLIPPAGTSHAAHLLELVRPLFETRYYQIAKEVTGVDYKKQLYE,87.0,294.0,216.0,199.0
354,EGFR_l114_s584359_mpnn1_model1,0.84,17.68919159815804,-227.8734778761864,SMIEYLEHMVEEYKKLIKEVKENDFSWDYYHRAWHLHDEFIMRAKYFKNKLNEKQQEVVEKLVEELDKLWWEFFEKMMENADAPDEVKKQIIIDYYEKAYELFSKALEELKKAQ,215.0,194.0,196.5,201.83333333333334
279,l86_s179659_mpnn17_model1,0.74,18.855937628730853,-185.1507862508297,SEELKKLEKELEEVEDEQYHAWGEWFTKEREIFLNPRPGVKRSNTLEGLHEANWEEFKEIWEKIEELEKKIAEIQAKIDKLKKELE,268.0,88.0,250.0,202.0
18,EGFR_l92_s639015_mpnn7_model2,0.72,17.36888792620598,-214.9951957464218,ARPELEFPEELFNPNDYWIFNKNGEIDPKKIFSNPRETFWAYVDTLSPEEQEEVIAEYEAILALPKEEQMWRRPHLASLMIKGYRVIEEKKK,198.0,152.0,260.0,203.33333333333334
4,EGFR_l64_s6222_mpnn7_model2,0.55,20.41111023047504,-154.77829718589783,TFTEADQQWWIDYIIQELKIMKSHPGANPELFLEWFREHAAQHPEHREKMLAVLEEALARVEAE,295.0,25.0,293.0,204.33333333333334
261,l97_s24513_mpnn2_model2,0.77,17.68841525972409,-216.01153007149696,SKEEIEKLEELLVESMHVLHLDERVGDEEFPKLYNRHSDMEVKLFRYKKLAEKEKTASKEEIEKAEEYKKEVLEYIKEVADRYKDEKLKKKIEEFEK,214.0,160.0,239.5,204.5
59,EGFR_ECOD_l117_s983107_mpnn12_model1,0.87,17.346767551646778,-268.1283128783107,SKYEELLGRAMQILVKKIDEEVEKMKKEGASENEIDEYLMDLAHQDAYELAKKEKDEEFLKLYEEAVEAAKKEGMSEEVIRERFVIVADYVMHEYHLWYLSGKKMPDEEVERAATPF,194.0,277.0,142.5,204.5
173,EGFR_Modal_l97_s508577_mpnn3_model1,0.85,18.207573335325467,-227.73137438297272,APPLTYDDVVREAKELVRRTAETLISRPLSDEEKALVRAQEEALIAEIPGWVAFLQSHGVPAEPALQRLKWHLYYKMRVLAIWIDLDPELVREALGL,240.0,192.0,182.5,204.83333333333334
104,EGFR_ECOD_l113_s203320_mpnn2_model1,0.84,16.067115201003233,-272.65782901644707,PVVRVDMSYYYKEWKEIKKDLSEEEKKLWLQFHVEDELRFRIHYAKKHHITVEISPELLELIKELMKYLSIEEMEELYEEVLSVAAPGNPNIPELEKAYEEILKEKEEKEKLA,124.0,295.0,196.5,205.16666666666666
270,l132_s543670_mpnn3_model2,0.86,17.13415910310838,-267.01067373901606,SDEEIKKKIDEEFVEVAKKVEEMKPLLMELMEKWPNPDSFVWLFEFSVELEVIIHRAEQHARGKYKLTSEHIEEFLKILKDFKKKLEEERSKYSEEELKKIEPLLKEILEILDEVIKKLEEAYKKLKEIEEK,181.0,273.0,162.0,205.33333333333334
369,EGFR_l165_s96971_mpnn7_model1,0.86,15.388459766749625,-399.8767644735053,MNISDEELEKKVKKVLQFLIDKLKAQPSEKFPEFLGVANDIQAILNDPEAMKIFIELVRMVMKLREQREQGKEVDKEVEEEMNKKLEPLLKYVDTSIHNPLWFLRDVLFQLGVPNVHEMFQEVWNEMWKRLIEEEIDYNTAEAFGYIKLLIIAVAEMIKNPEILK,80.0,375.0,162.0,205.66666666666666
306,EGFR_l104_s644566_mpnn2_model2,0.79,16.436680369751024,-250.1140284538269,KPLNEIEWALKRAFEYAETWGSPELKEIIKSLSEEEKEEYIEKNKDNEDAVVFLMAVTYYSHHMPVEEAVKKAEELLSDPEERKFWRDYFWSELLIWFGPYPEE,148.0,244.0,226.0,206.0
185,EGFR_Modal_l62_s177246_mpnn3_model2,0.43,20.847342086125398,-141.68492440879345,EIVVIPIGENEAFVIYHDGDWPRLQNKVFESKEELEKYIEEEAKKLNGKIIEEKDGSRVIKP,300.0,11.0,309.0,206.66666666666666
216,l93_s57426_mpnn6_model2,0.72,18.67411389884508,-192.460754737258,GLKWFIRWLKYDFQFMLFVFEPELPSDKKEREKAIEKLKEEEKEYIKKKLEEYKEKKLGERKPSEEEVEEAYKELEEYLEEKVEELRKKFVEK,260.0,102.0,260.0,207.33333333333334
57,EGFR_ECOD_l97_s148255_mpnn4_model2,0.83,17.666634958580275,-233.27653477340937,MKVSLSRLEAYRVANDLWWMKNFGATATTPIYNENGEAVMTVQEAYEVIKKNKELEEEFDKWLEKFWNEPYTVDHDKLITELQNWLNEFLTKVLSLK,212.0,208.0,203.5,207.83333333333334
321,EGFR_l96_s843432_mpnn10_model2,0.81,18.266699208266235,-219.16412982344627,APSVEEKLLQRLDPAHAMFFRLDLEHLRRLAEEGRGDSEWTRHEIYHLISFIQLAFEEEEWPEMIDGLIEWARENGAETAAEWLERYRKAVLEKLA,245.0,167.0,216.0,209.33333333333334
288,l126_s239401_mpnn3_model2,0.87,16.797358203614245,-291.5677995979786,KEELLKKLEELFEEGEKLHNEKTKEGYKKLFTEVFPEIAEILVVELPKETLSEEEAKKLHWKFRWKFMHFAVDFVLWSVWEDNNENAGTLFTEFMEAHDLFHKALEDPSYVEEFKKKLKETMDKLL,164.0,322.0,142.5,209.5
83,EGFR_ECOD_l95_s867882_mpnn1_model1,0.85,18.839028476989576,-224.48374047502875,MPVTLEDVQAIMDKYPNIPVEEIIKQYEELLRKIVDDEVFEEILKVLESGLPWHEVYYKIDEIHQKHNATREQRIMTFWVTHHLWWAKHVYKEWE,266.0,183.0,182.5,210.5
247,l116_s488640_mpnn3_model2,0.72,16.928260938974958,-231.37704433500767,SLEELQKELAEVYDKLIPLYEKLREMFKNSELNIPILIGDLDWTIETYKEIKKKIEEGEIVIPGKYEMQRLLHHREYLPIFAESHDLSEEEKELIKEIVELEERLIEIIRKMHEAS,170.0,202.0,260.0,210.66666666666666
180,EGFR_Modal_l141_s480005_mpnn3_model2,0.88,16.512342424138602,-349.0276602804661,SPYRKVHELAQEVFAVFQAAYAAAQAEAAARGLPAFSAEVLRAGLDAARAKLAEYKDVLSEEEYNQLTFLVAYLVGDWIMLQVIYWSEDDSLVEGPFEKYMAALNEGLDARATGDFAKAAEIAETKVWPAMEELIDAFGKS,153.0,363.0,121.5,212.5
353,EGFR_l112_s474225_mpnn4_model2,0.77,17.244221517713363,-235.2543581277132,SLLEQAKAAMSPEEQERFEELYSRIEELMNKILNDKSLSTEEKKSLIPEVAKLRTELYRLIIDSASRLMNAERTPENEKKFDIIFEFEVKFWELWDEKVREIEEANPDLKPM,186.0,213.0,239.5,212.83333333333334
359,EGFR_l86_s498711_mpnn6_model2,0.72,18.18135836797364,-211.24950313568115,STEEYFRRWGEENLEHSETLVEIKLKELENDPEKLEPFKKEAEEILAEMREAVEGLYSPNPELSFGERMWRMHWAHMKIIQLQFEE,236.0,143.0,260.0,213.0
37,EGFR_l68_s543199_mpnn3_model2,0.46,22.3606470825045,-145.34049400500953,MYELSERDKEVLKKMQELYNKVSKEEFYRWIENRDWTGPLKPSPVEMFEIEHLYWRMTPEEREKYFPP,322.0,14.0,303.5,213.16666666666666
102,EGFR_ECOD_l89_s987143_mpnn19_model2,0.84,17.518339665997217,-249.6002751588821,PKPFEIPEANKWEFLVWAWTARDMAEHRKDEESAHILKLYVDYEQNKDKGVKPADGRSEEELTKEAMEVMIEIFEFWHPPLAEELRKLL,204.0,242.0,196.5,214.16666666666666
38,EGFR_l68_s543199_mpnn9_model2,0.43,21.26043229610685,-158.1432864461094,MYELTEEDKEVIKKMQELWNSVSREEFYRWILTRSWTGPLKPSPVEMFKIEHVYWRMTPEEIEKYFPR,307.0,28.0,309.0,214.66666666666666
277,l85_s910569_mpnn1_model1,0.62,19.91810665908876,-180.02757458854467,MSEEEKKIREAKLARRSLEVDIEWISTMEQQNIKDLYDHNFLSSTIEDYEKVLKEVEEDPEKYGMSEEEVKEFRELLEKFKSLIP,286.0,76.0,283.5,215.16666666666666
161,EGFR_Modal_l131_s137614_mpnn6_model1,0.88,16.768647527381347,-347.75270819664,SADEIIRKYAEEAVEKIHTAKRPHRLFEEAFIKVVEEVLGVEPFKDHNELHAALRDRPEFWEIEFRFYPIFAQELLKKKVDKAMQEHLYDHLWHHLNLWRIQAQMFEEDNPGAIDTEAMYEEAWAEVEKLK,163.0,362.0,121.5,215.5
322,EGFR_l96_s843432_mpnn1_model2,0.79,19.421003086419752,-214.0537701495923,MPSIEERLLERLDPAHAMFFRLDLEHLRRLAEEGRDESEWTRHEIYHLISFIQLAFSDEEWPEAIDGLIEWARENGAETAARWLERYRDAVLAKLA,277.0,146.0,226.0,216.33333333333334
179,EGFR_Modal_l141_s480005_mpnn1_model2,0.89,17.35182604127408,-349.1468616127968,SPYRKVHKLAQEIFAVFQAAYEAARAAALAQGLPEMSAEVLRAGLDAAKAALATYKDKLSEEEYNQLTFLVAYLVGDWIMLQVIYWSEDDKLVEKPFEKLMEALNKGLDARATGDFAKAAEIAENEVFPAMEELIDAFGKS,195.0,364.0,90.5,216.5
319,EGFR_l85_s83006_mpnn1_model2,0.63,19.03929676991569,-191.8133178949356,SKLKEVLEKMLELAKEQKLDPYHIMDLEWAIKVVGEEGGVWAIYEAYWTFRFFAPKEVLEEFMKEYGEEFEEEMRKLMEEEKKKL,272.0,99.0,280.5,217.16666666666666
115,EGFR_ECOD_l116_s908689_mpnn19_model2,0.78,16.75944159864512,-258.19985395669937,SAKEWKEKLKKFEEALPLLEELLRAVDQGSWSDEELEEKLEEIVELTEWYSKNREPLLERLRSNKNPSKEEEELYWMLQVYEIMFDPLRWTLERYREHLASQGKERLVALIDKITS,162.0,258.0,232.0,217.33333333333334
268,l126_s129223_mpnn3_model2,0.86,16.299912391687755,-327.4396290704608,MKPSKAEKMEEVVDRAVEYLLAALREVLADFPTVDVDDPALAAALAALLREVAQPFIDTGKPLDWAHINDVAWPRLDEIMARFGGPDMTGRQHNAFKRVFHHTLWHIFLSSINLSEGKEPFFRTPL,141.0,350.0,162.0,217.66666666666666
272,l69_s732499_mpnn2_model2,0.42,20.690238862050457,-165.68578898906708,DKYSQTEKMYVRRLLWYAFDTSFFSKEFPGSEAIKQDWENFLKTEEAKKGIEVLKELFGEEFLEKLLSI,298.0,44.0,313.0,218.33333333333334
210,l89_s698582_mpnn12_model2,0.66,18.334466699234653,-208.2047944352962,MELPTWPYDLRQYMIEKFEEAYKKDGFEAGVEALREIYESLLPDPEDDSEEARIQREHAVWVMEWTIHELIILYPEKFDELEALMKELP,248.0,135.0,272.5,218.5
377,EGFR_l170_s387368_mpnn7_model2,0.89,17.312437008619874,-410.9492715895176,APPPMSPEEYAALLEVVDKEFKKLDEKVEELIELISKIHPNAAKIISPRWEKVKEVWEKAKTGGLPALLEFMKELVRFHEWLIYDLQLVFIWNVDSHPELLKKMRETFEEMNKHFFNLIEAFERELLRHLERHGFPDPEGYLESLDYVVEAKFVKEYADELIEMMDSYLS,189.0,377.0,90.5,218.83333333333334
262,l98_s895077_mpnn2_model2,0.74,17.357949899766666,-234.23039454221723,MAPLKRDAYLIFADDENYVILNLTYRQDDPLHVELRERLDMLQRLEMEHDWEGKAQLLLDMKPLLEELKKKYGETSEEFQEFAEQFNKALEIVEEKLA,196.0,211.0,250.0,219.0
14,EGFR_l91_s990240_mpnn2_model2,0.56,17.64750305250305,-215.4890815913677,MRLSEEEARELLTKWVNDPANLPFLDALAERMGLWQFYGLLMHLLPIELVNKYFSSSPLKPPENTYIIVHPKHFPALLEAFNAVLANPPAR,210.0,156.0,291.5,219.16666666666666
40,EGFR_l96_s164915_mpnn1_model2,0.61,17.77968699677939,-215.1989376358688,MPKVYIIEPIDFKNDPNAIKKFQEKVLEFLKQNNWVLAKYFIYPWVMMSTLEELPKLREAIETLSTEGADKEVFEKVKEFALKLIEEKEAELKALE,218.0,154.0,286.0,219.33333333333334
88,EGFR_ECOD_l69_s962977_mpnn13_model2,0.42,20.778622371583936,-169.0117884874344,SELEKLKEEAAKVDFDKDPAVKEFGKIEYDYLKKKLESGKGSEKERRLLVRRLEDVIMNSLRHQETFDK,299.0,49.0,313.0,220.33333333333334
374,EGFR_l162_s861751_mpnn4_model1,0.89,17.43565540446512,-380.9266656637192,MKPDMSMTWTEETFDKVEKEMEKLKKKIKEENIPLKNLSPEDLLKLVKLAKEIYKKAVEPGNLVESFWFLYKLYFIFKQMEPEDFQKLVTYLVGYILYEEYELLYKDTGNEAFKKKAEEYKEIEEKALKAIETGEPLEGVKPLTIHDIHDQIFGVWYDYIEN,200.0,372.0,90.5,220.83333333333334
103,EGFR_ECOD_l113_s203320_mpnn10_model2,0.84,17.02444002679093,-271.7627322077751,PVVRVDLSYYYKEWKEIKSSMSEEEKKLWLQFHIEDELRFRIHYAKKHHITVELSEETLDLIVELMKYLSLEEAEELYKGVLEVTAPGNPNIPKLEEAYEEIKKKKLEEEKLS,178.0,288.0,196.5,220.83333333333334
56,EGFR_ECOD_l97_s148255_mpnn2_model2,0.82,18.990257399936915,-223.9863466732204,MPIKLDRLEAYRVANDLWWMHKFGATATTPIYNENGEPVMTVQEAFEKIKANPELLEEFEKKLDKFWNEPYSVDHDKLITELQEWLNEFLTKVVELK,271.0,182.0,209.5,220.83333333333334
313,EGFR_l130_s443510_mpnn2_model1,0.73,15.10110683760684,-312.14609080925584,MKRERKVYYIPYDPKEWIKQLLEEAKKNNWSIEELYEKIVESMRIYYMFHRKRPDAVTHLVRYVYEAVKALHELSGEPEEKIFRRLAYELVRIVLEVDGKEFKEVPMEEDPEFNAALPEFEKEREKLEKE,68.0,341.0,255.0,221.33333333333334
2,EGFR_l61_s724049_mpnn2_model2,0.36,22.67123980359547,-124.29561722278596,SMELVEKEIAETEKYLKENPDLSDEEKMKVIWDMFSKPEVKEATRGKVYYVSPDWKITIMD,328.0,5.0,336.5,223.16666666666666
89,EGFR_ECOD_l69_s962977_mpnn9_model2,0.44,21.216033513034144,-175.61552345752716,SPLEELKKKAEKVDFDKDPAVKEFGKIEYDYWKEKLESGEGSEKERRLIIRRLEDVIMNSLRHQETFDK,304.0,60.0,306.5,223.5
305,EGFR_l104_s644566_mpnn1_model1,0.77,17.618124767744334,-240.2221991457045,MKMNEIEWALKKAFEYASTWGSEELKKIVNSLSEEEKEAFIEKHKNDEDKVVFLMAVTYYSHHMPVEEAVKKAEEMLANPEERKFWRDYFWSELLIWFGPYPEE,208.0,224.0,239.5,223.83333333333334
75,EGFR_ECOD_l73_s128268_mpnn8_model2,0.36,22.363302230163452,-142.14416979253292,SKEEELEKLKKRIEELEERIKEIHDKIFYANYLDHYGKTKDKKKSAEEWVKLIEEHDKLRDEKEKLEKEIESL,323.0,12.0,336.5,223.83333333333334
250,l135_s152071_mpnn1_model2,0.85,16.23899487087732,-333.6241995533928,MSREEKILKGFEKLASTLKNPEAAEFLIEFVRALLGLKSKGALEILETLLKLFEEKGWKNVTEEELREALTPIAKALSAKEVHGLDMIMPHFHLWLHELMYKEHEKTGKDVDGEDSGPLFRALEVIFDLVAEYGS,134.0,355.0,182.5,223.83333333333334
6,EGFR_l73_s651062_mpnn1_model2,0.4,21.78067059316613,-165.48027804493904,ASEMERQFALGDARWWIDYYLRQLREVHHRDTPRPEDLEILRRDILEDLSLFLSEEEIEEVWPEIEAYLESKL,314.0,42.0,318.0,224.66666666666666
3,EGFR_l64_s6222_mpnn4_model1,0.36,22.147046598228663,-153.3266859650612,TFTEADQEWWIDYIIQELKIMDSHPGANPELFIEWYRKHAAEHPEHEEKMLKVLEEALERYKKS,319.0,20.0,336.5,225.16666666666666
252,l147_s449248_mpnn4_model2,0.88,17.316423477603603,-349.9658979591913,MNPNEIPSDEEIKELAQKIADDMKKYSPIEQLKKAMELAHELLTVTWLVMRMSRNEELREALDYAGWDMFSKVADYEEKAQEERKNGKKEPSQEIIDGMIKEITDFVVKMYELILKYASEERKVEMVSLFVREFEKVYKKIIRPEEL,191.0,365.0,121.5,225.83333333333334
352,EGFR_l112_s474225_mpnn1_model2,0.8,18.21218498389694,-239.458447791636,SLLDEAKAAMTEEQQKKFEELYSRIDELMDKILNDESLSDEEKRALIPEVAELRTELYRLIIDSASALMNSERTPENEKKFDILFKFEVEFWGYWDEKVRRIEEANPDLKPM,241.0,223.0,221.0,228.33333333333334
145,EGFR_ECOD_l67_s139702_mpnn4_model1,0.39,22.057938808373592,-167.13245534151793,MSAEEKEKNEQMGELFHTAAELEWYTPAEQRKALWQYAWDLVEQVEKGIEPPSLEEQLAKLRSFVEK,318.0,47.0,322.0,229.0
326,EGFR_l107_s42741_mpnn12_model2,0.69,17.285297906602253,-247.14965879917145,SMEEMKKKIQEVVTKVSFPVMLKLAEIWQQNELSQESKDKIWDVKIGLSRIEHNQTDDYIGEIEKMIESVKAIGEDPNVPKEKVEEPLKLLEEMLEEIKKIIEEYEK,187.0,232.0,269.0,229.33333333333334
367,EGFR_l150_s840211_mpnn5_model1,0.68,14.799690338164249,-354.1175932325423,MSEAEKRLKELKFKLEIFKKTFEKIVNNLPKVPNPDHPAVKKLLAFLKKVEEKLEEVEKLLEQVETGSHPRAKTEEGKLELLEEAEKIFKEAVYSLEGFQKGVMEAVKALPEELYWQMMPWMIIFSNELSETVHRLKYYEKDLKAGVPAS,51.0,367.0,271.0,229.66666666666666
101,EGFR_ECOD_l84_s627809_mpnn5_model2,0.62,19.76345573575646,-203.92806017398837,SLLERLREILGEVRDAEGRPYPEPMVERWLHEFEWWLIFMKAYTAYNGITDVTPLVREHFAHWPPEVVERLAEVVNEELPLDLP,282.0,124.0,283.5,229.83333333333334
158,EGFR_Modal_l105_s326141_mpnn3_model1,0.54,17.31747342995169,-232.78882241249084,SEIEKEWEKLETWLKEKVEPVFEFKDGKWVRKTGPGAASDWEVEDAIIQLQHEIGHFLWKFQDKLTPEQKEKAYEAQVIALSSWDPNDQMEAYELAKEVYESLMS,192.0,206.0,294.5,230.83333333333334
327,EGFR_l107_s42741_mpnn9_model2,0.7,17.435451337155932,-243.57885000109675,SKEEMIKEIQKVVTEVSFPVMLKLAEIWQQYDLSKKSKDKIWDVKINLSRIEHAQTDDYIKEVEKMIESVKEIGKDPNVPKEKVEEPLKLLEEMLEKIKEIEKKYSE,199.0,228.0,267.0,231.33333333333334
222,l106_s835200_mpnn6_model2,0.8,18.30412587731292,-248.7832317277789,SALEEEWVEFYRKAFELMSDESLSEKEKEEKGAEMLREFLERHPELQEKALKKHHMRLEEFSFFYVHPIIIYPYIVVNRHVKGSEEEKLEAYVQYTRVWWEDLVNA,246.0,236.0,221.0,234.33333333333334
20,EGFR_l97_s44602_mpnn7_model1,0.65,18.520044573932964,-220.9516279399395,GKWKELAKKYLEKAIEVMERFKKERDPSSAHDLFMIVVDATTELWKIVPEEEEEEVKEVVWIMQYADSFAYYRGPEHATDEEIEEILNLIKEAYKKV,256.0,174.0,275.5,235.16666666666666
162,EGFR_Modal_l133_s670297_mpnn3_model1,0.87,17.763161405930283,-325.6351606249809,VDEVLARYTWEEVEEDPEAAFARLAADLKPVLRPRVVELMKRVEEASEEEKEKVMEEVGTELHTLSFEIATRGVSLMWSQTGLEEPPQSFRRRVWLAHEAIDVAMAEIWEEYRAETGSEYEFWDIHFMYPWPM,217.0,349.0,142.5,236.16666666666666
144,EGFR_ECOD_l67_s139702_mpnn1_model2,0.33,23.2239684428101,-155.57804738916457,MSEEEKKKNEEMGEIFHAAAELEWYTPEEQRKKLWQYAWDIVEKVENGEEPESFEEQLEKLRSFVEK,342.0,26.0,349.0,239.0
323,EGFR_l98_s636074_mpnn1_model1,0.5,21.309266571362844,-199.72498781513423,MKLELSKEHRERFEKLVEEIEERMTKEMEEGVADYPPEEQEPVRRFWEMQRRDDMVYELMHIIREELEEKGIPPLPYEKLREEAEYLLEEYEEEKKKK,308.0,111.0,299.5,239.5
153,EGFR_Modal_l102_s998730_mpnn15_model1,0.82,19.60245642701525,-245.0083302855492,EAFDWTLEQIQLMHVAEHALFRFSRWAKEGRPMPEEELVERLVEELSQWYPVPKEKIERVVRLVAEHARRVGDEALKKYGGDHKLKDEIMRALYEEYLATET,280.0,230.0,209.5,239.83333333333334
94,EGFR_ECOD_l87_s244311_mpnn2_model2,0.5,20.17200242471357,-206.07161788037047,MSERERIREELEKLSEEELEKVVEELDKELIKKGDENSSIPGYFESLFIKSNDLWTAFHRYRITKTERAREEAIEKMVEAKMIVLTP,290.0,131.0,299.5,240.16666666666666
235,l123_s248455_mpnn9_model2,0.85,17.897001427019102,-285.3368722051382,STNPFMQWPPPPVPAPDDTPMEAIAKLFEYHLERIFETFSDPFEVYFAFDIVMGYAIILSRELSEEEQKRFEELNHKYIRKLNEIAWSELSIEEQVEKMKEVLEEYLEEYKKLAEEERRKLAE,225.0,314.0,182.5,240.5
7,EGFR_l73_s651062_mpnn2_model2,0.36,22.863262082809435,-170.21801608800888,ASEMEREFALGDAYWWIDYYLEQLRTVHHRDTPRPEDLEILKRDIREDLSLFLSEEEIKEVWPEIEAYLESKL,333.0,52.0,336.5,240.5
317,EGFR_l80_s50538_mpnn1_model1,0.34,22.40984108293076,-173.00412786193192,MLSKEQVKKLAEAIKKDMEEWPEQYSEEEKEVLNKAIENLEKWVKGEEGAPSPEEIMRYLYENGMYYWVMDIMFWYKIPW,325.0,56.0,342.5,241.16666666666666
267,l126_s129223_mpnn12_model1,0.88,18.78563984101424,-306.54435377940536,MKLSKAEQMEKVVDQAVEKALAELKRVLSKYPEVDVDDPALAEAIAALLREAAQPFIDTGKPLDWAHINDVAWPRLDELMARFGGPNMSGRTHNAFKRVFHHVLWHLFLSSINLSEGKEPFFRTKL,265.0,339.0,121.5,241.83333333333334
351,EGFR_l110_s553092_mpnn1_model1,0.71,18.25405409164105,-236.2486452329904,SPIQADMEAYIEELRAILERMKKLLEDAKKRYEENPGDPEIKKEEIEEFEKKIKEMEEKIKELEELLRNYEKLVEEKGGEEPFTEEMYKKFHDVYMEAMHQDVQFHYKFG,244.0,217.0,264.5,241.83333333333334
289,l126_s239401_mpnn6_model2,0.87,18.563258249622983,-299.73734551668167,KEKILKELEELFEKAEELHSKKTKEGYRELFTVIFPKIARLLVEELPDETLSPEEREKLHWRFRWKFMHFAVDWVLWSVWENNNENAGTLFTEFMEAHDLFHKALKDPSYVKEFEEKLKETVDKLE,257.0,329.0,142.5,242.83333333333334
293,l139_s837938_mpnn11_model1,0.87,18.125503597122304,-329.22672453150153,MSKKERIEEIVKKIEEKKKLMLERIDWYAEDHQIELWESKAETATPDEKSVLEFVLGNIAWVAKHYFEWMLKNTVIDQATPDLKLSKEEEKELFEMIEEAYEELKEMAKTLPAKEFIEKLKEKVEEIVEKVIEIVRSKA,235.0,352.0,142.5,243.16666666666666
201,l150_s531073_mpnn6_model2,0.85,17.338244659151904,-339.53017864376307,MMTLDELYEKTLEAIKASGAPEKWVEELIKFVEKVYNAIKNGEEVPNPLSEEAPMWVWYFYYHWKTWFIMNIDKIFDPNSELFKEMLKLMEEVAPESRLVKFMKKAIENKEKPKDEEVYDLFENSFEDQNDRRAFMVMLMVIFVKHFESL,193.0,359.0,182.5,244.83333333333334
281,l89_s994698_mpnn1_model2,0.39,22.89252754708788,-185.49862770363688,MLHPIHVEIIEWLKFKIKWLEEFPGPGSEEEVKEMKEVMRKFIEALESGSISPEEADRLWEIIFHAYWTYEKTGKVDKELLKPVLDAVE,334.0,90.0,322.0,248.66666666666666
275,l83_s782494_mpnn12_model1,0.4,21.74642725491337,-202.1528905630112,SSLERIRKIIEEAAEQVAKKHSPERAARFRGAMEILFEDFEKITNPHERWAMLNEISFYIAHYTEEPSMEVWERLKAALESGK,313.0,120.0,318.0,250.33333333333334
81,EGFR_ECOD_l111_s855816_mpnn7_model2,0.78,17.227408350379363,-303.12639486789703,KPIDMSYSVPWMIERFEIIYRMMEKHKTDGKPIVTEELREKWKEIIEAIASYPKAKSFEEWLEEVEAAMQKLIDAMKKNPVVPQPYVDSWEHWKEDTTRYIRWYAEVMAHD,184.0,335.0,232.0,250.33333333333334
87,EGFR_ECOD_l100_s904781_mpnn5_model1,0.49,21.60023502415459,-209.3469948314596,MSREEKLKEELRKLMDSNDPKTVEIAMYLWGMLDHAEPLDEELREKVLEIVEDILNNAPVEELEEKLEEYEKLMTKDGKPTRNQVHVHHLARRVIELLKE,311.0,139.0,301.0,250.33333333333334
121,EGFR_ECOD_l102_s949631_mpnn17_model1,0.74,17.965605838148463,-268.1188988685608,SMFEGLAPEEKEERVIEELARIMEETFGWDFEEMKELLRSLLTGHPRLVDVAAEFVEAVKADKSGDKAVIFAKAAVFADRFYDVAAAEGVNPHVFMKRFYFP,226.0,276.0,250.0,250.66666666666666
181,EGFR_Modal_l144_s197227_mpnn5_model1,0.84,17.294684089282516,-366.04601714015007,MLSTEEIFEFLREVAERMVEDAVAYIMDPSNKHVLPVEEELSEEEVRERLLRAFQALIDAMRQAYEGKEVTPMSELEQEWLYTTWIAAQRYARRNKENRYTWAEFIASQALWNAYNRMYQGEELTKEFVQDMLDLVNWGITDQP,188.0,368.0,196.5,250.83333333333334
365,EGFR_l142_s833132_mpnn5_model1,0.78,16.86915504297929,-331.8543246090412,MEVTLGGLTWKPEEAKTHVWFHVGSLRDHIKWYVDHMKTKKDTVSPKDGVEEILKDVEWVLEQIKLDKEEYRKAVEETYKALGIEVVEFEPDNPDVPSLTPLYLQELLEEIAKELKEIIEKVDELSWDEVVSKLEEIIERLE,167.0,354.0,232.0,251.0
213,l92_s245584_mpnn1_model2,0.46,20.6559354652384,-215.67589996382597,MSLAKKALLRLVEKIGLDALFEMVKGMAMGRYMRPPKVFIEYLMKEFGLSREEAEAAWKFLWELAGELWIMHVEKEASDEEMKAFFREKVES,297.0,157.0,303.5,252.5
100,EGFR_ECOD_l84_s627809_mpnn3_model1,0.44,22.40446581933901,-204.51416510343552,SLLEKAREILSKVKNENGEPFPEPMVERWLHELEWWLIFMKAYAAYNGITDLTELVRKHFSHWPKEFVEEFAEIVNKELPLDLP,324.0,127.0,306.5,252.5
337,EGFR_l119_s369884_mpnn2_model2,0.78,18.684299922867694,-262.4059181511402,MMTADEIQDDLVAYAFYLEQELRYKYGKEGAGEYAHELFEKIKNTKAENREEALEVAREFARELAEEILRSGADVEEEVLELARRVLEDEEISEEELFPVIEKLVEGFIKAQKENPVPR,261.0,265.0,232.0,252.66666666666666
5,EGFR_l71_s61241_mpnn12_model2,0.33,23.209370393050737,-178.41483145952225,KVTFMPIEDYLAWELEQHKKLLADPEEMQARIDYYWNEGTYFGKLVAAEYWRLYEEGAEAWMERYGKELMG,341.0,70.0,349.0,253.33333333333334
290,l135_s558635_mpnn1_model2,0.86,18.39204097334049,-323.1373993121088,MLSEEFKEKLKIIEKLLEILYWLLDPNLPEEKLKESKKFILSFPGVEWDPKSIMKYVEELIEELLKEGTDEERRELAVLIHRYYWRIWSSARVMLADYSETDSEGKKKLKEIMEPMKKMHEKASKVVAELDAKAS,252.0,347.0,162.0,253.66666666666666
76,EGFR_ECOD_l119_s916246_mpnn3_model1,0.78,18.35776187769794,-268.94925966858864,AKPLSKEEIEELKKKLEELLKKAKEEKMTPWTLPKELEEEIFKLIEKLIEAGYIKLALEVLEKYMNHPLYDWIWMNMFFPHWALDDPSVKELTFEMFLPVGGDKWEWKTITTTLLPEAD,250.0,279.0,232.0,253.66666666666666
276,l83_s782494_mpnn8_model1,0.38,21.881402324272937,-201.80342054367063,SSFERIEEIVEEAAEKVAEKHSPERAERFRGAMEILLEDLKKITNPHERWAMLNEISFYIAHYTEEPSMVVWERLKKAWESGK,317.0,118.0,327.5,254.16666666666666
157,EGFR_Modal_l105_s326141_mpnn2_model2,0.72,21.24271535925159,-230.18964199721813,SELEKKWAELEGWLKENVLPVFEYKDGKWVLKTGPGAASDWEKEQAIIELQHKIGHFLWTFQDKLTPEQQELAYEAQVIALSSWDPNDQFKAYELAKKVYESLMS,305.0,198.0,260.0,254.33333333333334
69,EGFR_ECOD_l87_s488765_mpnn11_model1,0.38,22.633263090676884,-200.8701169937849,STPLTVFQRLAREHPEILELLLNNPKMPVKELLEKIREVLRKAGYDEDTIEHLVFELEMDFDIYKFKPEKAEEFVMYQLDALRDLEA,327.0,113.0,327.5,255.83333333333334
291,l135_s558635_mpnn3_model1,0.86,18.92715661716467,-311.2182988105342,MLSEEFKKKLEEIEKLLEILYWLLDPNMPEEKLEEAKKYIESFPGVKWDPESIMKYVEKLIEELLEKGSTEERRELAVLIHRYYWRIWSSARVMEADYSETDEEFKKLLKKIMEPVEKMHRKASEVVAEIDAEEA,269.0,340.0,162.0,257.0
221,l106_s835200_mpnn4_model2,0.73,20.27328449244979,-243.03892643004656,SPLREAAVEFYREAFRILSDESLSEKEKEEKLAELLREFLEAHPELLAKALEKHHMRLEEFAFFYVHPIFIYPYIVVKRHVKGSEEEKEEAYVQYTGVWWDDLLNA,293.0,227.0,255.0,258.3333333333333
214,l92_s245584_mpnn2_model2,0.52,21.195262724917733,-221.41468726471064,MSLAKRALQRIVEKVGFDALFDMVFGMAMGRYMRPPKVFIERLQKEFGLSREEAEAAWKFLWELAGQLWIMHVENEASDEEMRAYFREQVES,303.0,176.0,298.0,259.0
13,EGFR_l91_s990240_mpnn1_model2,0.38,21.612592150200847,-209.8348211273551,MRLSEEEARELLRKMVSDPANLPFLEALERRMGRWQFHGLMMHLLPIEEVERYYARSPLRPPENTYIIVHPKHLPALLDAFNAVLADPPAR,312.0,140.0,327.5,259.8333333333333
82,EGFR_ECOD_l111_s855816_mpnn9_model1,0.71,17.631051558805183,-283.9564426839352,KPIDLSYSVPWMIERFEIIFRMMKKHKNNGVPIVTPEMEKAAQEILDAIASLPDAKSPEEWIERVEAAMERLIALMEKNPNVPQPYVESWRHWREDTVRYIRWYVEVMSHD,209.0,313.0,264.5,262.1666666666667
260,l87_s53769_mpnn14_model2,0.35,23.3128664371518,-192.8070714622736,KPLVDWHTPEGVVKRAEEFVREARELLETEKDRPRHVMRKVRFEVYWLEAVLRDWPEEFNEEQRAVLEKALAELQRILDEVMERMAE,344.0,103.0,340.0,262.3333333333333
336,EGFR_l119_s369884_mpnn14_model2,0.77,18.36850999336933,-274.35637270100415,MRTADEIQDDLVAYAFYLEQELRYKYGNEDAGDFAHSLFEEVKATVAKDREEALELARKFMRRLAERILASGADVPEEVLEIAERVLNDEEISEEELFPYLELLVEGYILAEKENPVPQ,251.0,298.0,239.5,262.8333333333333
304,EGFR_l104_s396427_mpnn2_model2,0.43,22.21092259692804,-217.7607112042606,MPKAYILNEEEHEKLYYAWQVMWVLHYKFKFMLETYSEYIPEEEKEKFEKEFNEVYNKLSEYLVKAVNEKTDEAFEAARKAAEEAEKKMEELLTKMQEIIKKNK,320.0,165.0,309.0,264.6666666666667
23,EGFR_l86_s531689_mpnn1_model2,0.34,23.314141107740703,-198.88322097063065,SLRNLSEEEREKLLKELEELTRKSILEQFKKEGKLTEEGISEEEIEFYFTPKMWLIEDMIEEGLVMERIRELAEGPTYIYRPDGKI,345.0,109.0,342.5,265.5
315,EGFR_l140_s226369_mpnn1_model2,0.77,17.542984242005986,-328.11632335186005,HMSEEEIRKKYIEEFESFMERFLAALEEVFAKIYPVTKAKAMDRSNPDYDTYISQWFALDYLRVDVPRRVAHVKEKFKEFVEVAELEDVEEILKEFKERVEPLLERLEAGEVKDGAELIALLEELLDILEELYEKMDELS,206.0,351.0,239.5,265.5
287,l119_s250350_mpnn9_model2,0.74,19.98009377664109,-260.1929804682732,SSGARPMTAEQKEEIKRHVDWLLKQVREIKENGTSKWSPFHVLWHAMMEIYFLSIMAEMYKESGLMEDAKFVAEEVVRLAEEVKELAVEEAKKMPFLDPKEVEEFFEELLEKAKKIVEE,288.0,261.0,250.0,266.3333333333333
282,l89_s994698_mpnn2_model2,0.33,23.717472905245256,-191.95787981152532,ELPEIHKEIIEWLEFKIKWLEEFPGPGSKEEVEEMKEVLRKFIKALKAGKISPEEADKLWEIIFHAFWKYERTGEVDRELLQPVLDAVE,354.0,100.0,349.0,267.6666666666667
280,l86_s179659_mpnn3_model1,0.3,24.28399805265326,-179.04565438628197,SEELEKLEKELEEVEDKQYHAWGEWFTKEREVFLNPPAGRKRSNTLEGLHEANRDEFESIWKEIKELEEKIKELKKKIEELKKKLE,365.0,73.0,368.0,268.6666666666667
122,EGFR_ECOD_l102_s949631_mpnn20_model1,0.65,18.765328849736356,-265.6336190700531,SLFAGLAPEEVEKRVIERLAEIMHTVFGWDKEEMIELLTSLLTGHPALVAVAAEFVEAVEADKSGDKAVVFALAAVFADRFYDVAAAEGVNPHVFMKRFYFP,264.0,269.0,275.5,269.5
194,EGFR_Modal_l93_s77496_mpnn2_model1,0.38,23.59949067580905,-205.7917273938656,LPEKERQGKIKVHWAKHYVDFNITDMKHVYELAKENGEDLEEVLKYVEEWLKGSLEKAKEMLEEAEGVPKEEKEKVLEEMEKKVKEALEEMKK,352.0,130.0,327.5,269.8333333333333
41,EGFR_l96_s164915_mpnn2_model2,0.37,22.69065720611916,-214.2994384765625,MPKVYIIEPIDFKNDPNAIKKFQELVLKFLKENNWVLAKYFIYPWIMMSSLEELPKLREAIETLPTEGADPKVYKEVKEFALKLIEEKEKELKELE,330.0,149.0,332.0,270.3333333333333
246,l106_s297229_mpnn8_model1,0.39,21.17482704402516,-227.22251001000404,MKLSEEEREKKIEEIAKKLKALLERLKKEHPNVYDVLQANLMINFGGDESTDPKEIVRKLAELSPMEQHHVGIWLEHMAEIAKRWGYPTDFFPELFEIYEEIKKLS,302.0,189.0,322.0,271.0
219,l99_s520978_mpnn1_model1,0.42,22.7872768750305,-220.6168856322765,EKDVLSEEEKEEMIKEIEELFKEFDVPEVREEQKQVLEDIKKLFKEDYSALEKIWIIHVLLDGVWVEIFRHDPELAEKFRAKVMEFVEKWVKKVEEKEK,332.0,172.0,313.0,272.3333333333333
324,EGFR_l103_s337232_mpnn13_model2,0.63,20.20728460203555,-250.3128201663494,SKEMQELVVEMLEKIKKLYEDWLAKHPELGGKPSHWERDWLFWKIIEIEDEYHEKVLNDESLKPDVDFYNEVGWKVEHTFLSTYNPKEFIAELDKLIPEVKAK,292.0,245.0,280.5,272.5
316,EGFR_l140_s226369_mpnn2_model2,0.77,18.244142684610075,-303.1848195204512,MPSEEERRERYIAEFEAFLDELEKTIKEVFDKIYPVTKEKAMDRSNPDYDEYISLWFALDYHRVDLPRRIAHVRERFREFVEVAEMEDVERVLAEFRERLEPILERLKNGEIKDGKELIEALDEVLDILEELYERMDELS,243.0,336.0,239.5,272.8333333333333
156,EGFR_Modal_l104_s596879_mpnn3_model2,0.62,19.961047318221237,-253.73586720228195,STWSKLSPEERVEKFVELKEKVPNFEDVLWENDIFWVGAYPDFNDESDEAAQELRKLSREEIMELGKKLGAKNFWDAVSYLGFLLDPSNHPKFQALFEKYLGIK,287.0,250.0,283.5,273.5
131,EGFR_ECOD_l95_s842577_mpnn20_model2,0.33,23.45062573099415,-204.3841969668865,KEFPSPGMLRLWWDMEFILNWMRKHGFSDELIQKRVIEDVRWYKEELERELERHPSEEYRRDIEVLDELIKALEETPPSEITLETVKKLLEEALK,349.0,126.0,349.0,274.6666666666667
371,EGFR_l173_s588938_mpnn2_model2,0.84,18.638373218657208,-395.6485084295273,SFLGDKPEEELSPAERFVRKLLDTWYNGEEFDLIALLNEVGSLEERIKAILTFIELVYRELVSGNLPVWKLKTAKERKEKAEKIAKAFEKIKEQFKEYVSKLPDDEVTKLTVEAFELFLEHLIEIYRLLAKYYEALEKGDKEKATELSYDLFITQMEGTVAVYRKVDEVVEAM,258.0,373.0,196.5,275.8333333333333
193,EGFR_Modal_l93_s77496_mpnn1_model1,0.32,24.19588514882344,-197.60374154895544,LPEKERQGLIKVHWAKHYVEFNITDMKHVYELAKENGENLEEVLKYVEEWLEGSLKKAEEMLKEAEGVPEEEKEKVLKEMKEKVKKALEEMKK,363.0,107.0,358.0,276.0
303,EGFR_l104_s396427_mpnn1_model1,0.34,22.967392233370493,-214.5226797852665,MPKAYILDEEEHEKIYYAWQVMWVLHYKFEFMLETYKEYIPEEELKKFKEEFEEVYNKLSEKLVKAVNEKTEEAYKEAREAAEEAEKKLKELLTKMQEIIKKNK,336.0,150.0,342.5,276.1666666666667
209,l89_s698582_mpnn10_model2,0.37,23.234768314968605,-215.8953725099564,PELPTWPYELRQYMIEAFTEAYEKDGFEAGVEKFKEIYNSLLPPEEDTSLEAQIQREHAVWVAEWTLHELIILYPEEFDKLKALMDELP,343.0,159.0,332.0,278.0
318,EGFR_l85_s701675_mpnn3_model1,0.38,22.70977919863597,-221.96640262007716,SMSFDPGMRFLIFVKPSADQKTWSVPIWRTERDANGNRVWVPATGPLTSEAARERLRRIADWAPFFAPPGGVAALRARADRLVNG,331.0,177.0,327.5,278.5
286,l119_s250350_mpnn7_model1,0.71,21.04688520818955,-265.65702253580093,ASGARPLTEEQKKEIDEHVSWLLGQVEEIREKGTSKWSPFHVLWHAMMEIYFLLIMAEMYKESNLLEDAKFVAEKVVELAEATKELAVEKSKTMPFLDPEEVRKFFEDALERAKKIVEE,301.0,270.0,264.5,278.5
155,EGFR_Modal_l104_s596879_mpnn2_model2,0.57,20.420786495107144,-260.179694712162,TTWGKLSIEERVELFVEAKEKVENFDDVLWENDIFWVGAYPDFNDESDEAAQELRKLSREEIMELGKKLGAKNFWDAVSYLGFLLDPKNHPKLQALFEKYLGIK,296.0,260.0,290.0,282.0
364,EGFR_l142_s833132_mpnn1_model1,0.69,18.037265428318705,-323.21575742959976,MLVNLGGLTWKPEEAKTHVWFHWGSLADHIGWYIDHMKTKKDTVSPKDGVAEILKDVEWVLEQIKLDKEEYEKAVKETYAAKGIEVKEFEPDNPDTPSLAPLYLQDLLEEIKKELEEILKNADKLTWDEIIEKLEEILEKLK,230.0,348.0,269.0,282.3333333333333
245,l106_s297229_mpnn18_model2,0.46,19.856317868319508,-261.68721717596054,AALSPEELAARVAEIAARLEALLARLKANHPNVYDVLLANLMINFGGDETTPAETLVRKMAALSPMEQHHVRIWLEHMAEIAKRWGYPTDFFPELEAIYDEIAALS,283.0,263.0,303.5,283.1666666666667
24,EGFR_l86_s531689_mpnn4_model2,0.32,24.220596843051343,-205.605237275362,SLRNLSEEERQKLLEELRELTLKSIEEQFKKEGKVTEEGISEEEIEFYLTPKMWLIEDMIEEGLVMERIRELATGPTYIYRPDGKE,364.0,129.0,358.0,283.6666666666667
309,EGFR_l126_s962672_mpnn7_model2,0.69,19.512415011629987,-287.0566636323929,KPSFFERINAAIATGDLDELVKVIEEHLKEAEPERRISHISWAGYWLAHFLHNEAKVLSDEEYDVLAWLFSMYIPRLTEDGEFVFVNPKGEVVESERLEYALEVLKKYGLLEKIKELLKHVPPVPL,279.0,316.0,269.0,288.0
15,EGFR_l92_s392367_mpnn1_model2,0.37,23.47101904361829,-228.69118160009384,SDEELRAAEHRLQPAIFEAFDYIFKNTKGVSWTEYFEMERELWMAEPEELWEKFLEIVKEIEKAKTEEEKKVIKEALEKLQPVVEEYQAVRA,350.0,197.0,332.0,293.0
27,EGFR_l98_s45116_mpnn11_model2,0.31,23.62704911433172,-216.76734793186188,MDPVHFLNLPWDKSDPSKVKEYIEELKKELIEKAKEYSKVASKEKVLNMINVIVELYKETMVYWMRYHGASEEEIKEVEEEFEKLKEELKKVVDEIYN,353.0,164.0,364.5,293.8333333333333
265,l107_s742510_mpnn1_model2,0.42,21.79978584435716,-255.82425713539124,ELTMIGIVNELRLWGYDRYMHPPVYNYVVEEHIKKYGEEIGLYYEVLDLMVEALQYPLSEEEKKKLFEIYIKLKKLHEKNIKEGPQPELEKESKKAIEELKEIISKH,315.0,254.0,313.0,294.0
366,EGFR_l150_s840211_mpnn3_model2,0.74,19.38428754696726,-341.9281427236274,MTEAEQKLEQLKTELEIFEKTYKKIVEGLPEVPDPSHPGVLELKKFLEEVKKKIEEVKELLEKVETGSDPEAKTEEGKLKLLEEAEKIFKEAFYSLEKFQEGAMKAIKSLPEELYWQMMPWMIIFSNELSETVHRLKYYREDRKKGVPAS,276.0,361.0,250.0,295.6666666666667
310,EGFR_l126_s962672_mpnn8_model2,0.53,21.597367852669784,-271.02460464835167,EKSFFEKVNEAISTGDLDKLVEVFKEHLKKAPPERRVSHISWAGYWLAHFLHNELKVLSDEEYDVLAWLFSMYIPRRTKSGEFVFVDPEGNEVRTERLEYGLEVLRKHGLLEKIEELLEYVEPVPE,310.0,286.0,296.5,297.5
8,EGFR_l97_s436981_mpnn8_model1,0.33,23.587890914222157,-230.40990924835205,AAAPDPAFVARVRALVYEPVKEIKAKIDEATKGGKLLDDDEFYEFHMEFYERYEEVYDEVVAMPMSAADRPAARAIFEEAWHEMDYVLFTNAKVIKR,351.0,199.0,349.0,299.6666666666667
73,EGFR_ECOD_l121_s306155_mpnn2_model2,0.6,21.25273126522138,-279.39161443710327,SNLPSLREYLEEKVKEFREKLPEMTLDEAYEEALKLVEDFAEYALKYYKERGFYSFLVEDVINNHKIFTILSIEMEYDEFKENPEKSKFTEEELKEWMFEEVERSLLQTIETLERLDKRYG,306.0,306.0,287.0,299.6666666666667
0,EGFR_l130_s798483_mpnn9_model2,0.46,20.30311829555308,-280.3530333638191,SLEELFEKYAEQVVEHIKKDLEMMHLKVPENGEEPSWETLFVAENFFEYYFVSVVRSLLKRAKELGIEISDEQIEKFYELLVEKIIEAFHLSEEKKEEFRKVMKDFFEDFKANPEKYLSDENVGRGWVSM,294.0,308.0,303.5,301.8333333333333
30,EGFR_l99_s828401_mpnn9_model1,0.39,22.94543144813676,-255.0341295003891,PVTIDEYAEEEFNFLQTMDDVEQWFYLSWWYDVTRDPSNSADYREMAEKVIETFFEKHKNPWKIVKKMAEDLGKEEVAKKAEELSKEEAKKEFIKLHEL,335.0,251.0,322.0,302.6666666666667
232,l120_s535762_mpnn5_model1,0.62,20.188202227589912,-302.8153250217438,SAAVEAELAKLRAEFLAEMKAAFELSLTDHEAGVAAGRAATERFIAEVTKLVGDPVEAVKRIEEAFREVHEWFTANHPADPEASRRQSHVYMAAWWVVEAYRWKVAFENDQAITYKDPWE,291.0,334.0,283.5,302.8333333333333
66,EGFR_ECOD_l119_s717330_mpnn8_model2,0.36,23.091261180800824,-247.8684554100037,DAYILRRIMHYAHWAYVQLEVWGPRSIDGVVDFLEWALKQIEEYANSEELSEEVRKKVLEVLKKPLEEIRRFVEEVKKKYPKGSKYVLPEEEREKLLEKLKEIFTSLSEILKEVEEKNP,338.0,235.0,336.5,303.1666666666667
220,l99_s520978_mpnn2_model1,0.33,24.57080938206542,-228.64793407917023,SKDPLSEEEKEEIIKEIEELFKKFDVPEVREEQEQVLEDIKKLFKEDYSAEEKIWIIHVLLDGVWVELFRHDPELAEKFREEVMKFVEKWLKKVKEKEG,368.0,196.0,349.0,304.3333333333333
9,EGFR_l97_s436981_mpnn9_model2,0.32,23.811417816292312,-232.56223632395267,MALPDPAFVEEVREKVYKPVEEIKKKIDELTAGGKLLDDDEFYEMHMEFYEKYEEVYDEVVAMPMSEADRPAARAIFEEAWHEMDYVLFTNAKVIKR,357.0,205.0,358.0,306.6666666666667
28,EGFR_l98_s45116_mpnn19_model1,0.24,26.218471688192185,-218.8229153752327,MDPVHFLNLPWDKSNPSKIEEYIEKLKEILIEKAKEYSKVASKEKVLNMVKVIVELYEETAVYWMRYHGASEEEIEKVRELFKELKKELEKEIEKIYN,377.0,166.0,377.0,306.6666666666667
16,EGFR_l92_s392367_mpnn2_model1,0.29,24.684538612336343,-222.9692764878273,SEAALREAEHRLQPAIFEAFDYIFKNTKGVSWTEYFEMERELWMASPDDLWKKFMEIVEKISKAKTEEEKKVIKEALEKLKPVVEEYEAVKA,369.0,180.0,371.5,306.8333333333333
22,EGFR_l115_s472211_mpnn2_model1,0.41,21.829285654274308,-272.33463740348816,APPNTVPYMIFPRSGEPPIIITYNEDTKKLTFDFSRIDLKKAWEANKAYEEYYKEKYPEFWEALEKVVNSEKPSKEQLEELKNAFEKSYKKFVEETGSAFEFMHDMSPFFYGRKP,316.0,292.0,316.0,308.0
200,l136_s545140_mpnn1_model2,0.59,19.721380482144557,-334.29761696234345,MLSPEETYERDMKLVEERMPEIEKMLKDESVPYSEVLKEIVELIEQLRHPRAMMYLFDRVVATFMSIKPKDPEAAVNLLRELIAAMEKQMSKVTTADGVLYVDEEGNVYYLDDMLDRMQYAVVDVFLHYEAHEFNS,281.0,356.0,288.5,308.5
150,EGFR_ECOD_l117_s810437_mpnn18_model2,0.4,22.297282574287408,-272.14053571783006,MTWEELLEIYRSLEPEIIKRLIPIGKKHGIKDEEVEEWVKFWMAYHEPYVVYLMRVFLEHPENGWEYIPEWLGSLFRSEESPFHKFYTSGKSPSVEEFKELLIEEVEKLFEKEIASK,321.0,290.0,318.0,309.6666666666667
312,EGFR_l128_s768005_mpnn2_model2,0.36,24.148136699879224,-249.27279889583588,SDYAVLRFYLMEIRDLLLYLIEHIKAGIKPYDDWLIVHLEFLEDYLYEMERIGKKVVKGEEKRKIFNELISKLKELIEEIREYIEMRKKGAPEEVLKEKEKEIVKKAEEILPLIDEMIEYFREQREKE,362.0,240.0,336.5,312.8333333333333
21,EGFR_l115_s472211_mpnn1_model1,0.38,22.671610726037947,-271.5281026661396,PTPNTVPYMIFPRSGEPPVIITYNEDTNTFTFDWSRIDLRAAWAANEAHLAELERRAPEFVAALRAVVEAAEPTPEQLQALNDAFTAAMKRFVAETGSFFEFMHWMSPVFYGRAP,329.0,287.0,327.5,314.5
49,EGFR_ECOD_l101_s186652_mpnn4_model1,0.31,23.79176392276909,-240.7942239791155,MIDTVKGWKFWAEVRSWIHRVRIKYPDPKEKPRVFADRIHDEYTKLFHDWFNDKLKVSEEEFWDLMVERIKEIIEEFESETEEVPEEVKEFKELIEKYFPK,356.0,225.0,364.5,315.1666666666667
294,l149_s116999_mpnn13_model1,0.56,20.050159301408208,-373.1172399520874,SSLTPEERELLIARRFDHTQWYIEYIFLEIRMSLVWNDKGTEKLLDVLDESPKKMVEVLEARRAEFRATVLADPSKMDAVMDEIMKEAMGVLIELLKERGVDVEEAIKLIKEELEYHAKWYISEYEKRGMLEMAEILREIYGWFMKGLE,289.0,371.0,291.5,317.1666666666667
31,EGFR_l107_s492137_mpnn19_model1,0.32,23.176728971962618,-257.5431087911129,APSLWERQYEAMREIQEKLEELVAYVEANIADPSKYAELLAKVEEARKEMMDIFIKAYNITEIYYIPHPGSPKLSDEEMILYLMMSSLDPELVARYEALVAQIKAGL,340.0,256.0,358.0,318.0
237,l124_s154458_mpnn2_model2,0.42,21.55049367565321,-304.21997332572937,GKEASEEEKPYFEYLKYHLYDYLHFDVHVAMAHYPGENGPSEEALEYVIERLVEEFVYLYENGPEWLKERFVPKNGKTVEEEIREKVERLFREVRAKTPLTNGVEDLQRIVREVVERFVKSIGS,309.0,337.0,313.0,319.6666666666667
34,EGFR_l114_s965708_mpnn4_model2,0.32,23.370251504364774,-266.23935303092003,IFYPPEVAVLFKAATPAFYEARERGLSHEVAQLIDDFLWGIAVNRPEEEVESYVDKILKEDDETKLKAFTFMAELLREIVEELRADGSPEAQELAERLEGWVKKFEAIAKSLTP,346.0,271.0,358.0,325.0
311,EGFR_l128_s768005_mpnn1_model2,0.26,25.048166012479868,-247.2593548744917,SDYAVLRFYLMEILDLNEYLIAHIKAGIEPYLDWLIVHLEFLKDYLYELKRIGEKVVKGEENRKIFNEFIEGYEKTLKLIEELIELKKKGAPKEVLKEKEKEIVELLEKNLPLIKKMIEYFRKKREEE,374.0,233.0,374.5,327.1666666666667
229,l110_s305903_mpnn6_model1,0.3,24.789220465524814,-251.13482281938195,MDSGIELSENDKAYKEVIERMVEEFRKDVLEVTKVYLKDNPGGGNPKLKKDVEDHVNFQIMMLLDEIERMTPVYMRLNGISEEVAKAVREEAKERLEEVKEEALKLVEES,370.0,248.0,368.0,328.6666666666667
307,EGFR_l109_s25958_mpnn17_model2,0.29,23.98721343201997,-256.8252054154873,EKTEREAGLQEAMEVFRELVAVLREALEEDELSPWQRWRLEQEVDFWEHTFADEHLKPEDIFWFSKEERSPEELREVFIALARQTAAQVIEWFPEMSEETKEKLRSIGE,360.0,255.0,371.5,328.8333333333333
33,EGFR_l113_s423034_mpnn16_model1,0.32,23.94350505180055,-268.9813284277916,SAAAEKIRKELAELESLSPEEQWERLVEIRNQKVKPKTQEENLLAAYRFRVGDTVDFTEWRIKNHPKFKNSKAKYPSESFWNEIVKPSLVRSIEQDIADFEKNPEMYMVIQGP,358.0,280.0,358.0,332.0
308,EGFR_l124_s928605_mpnn7_model2,0.33,23.06515323879279,-286.2864778637886,AAPARERQAYFIPPTDPVFQKVEAARPKLLALLQEYMDAKQSGAPQEVIDAKEQEVRDFLLSILPELLKRSKPEFIHLVSMFENQARTWYWAEEAVNFIHNIVIEYLKSQGLDPAEYGFVPRKK,337.0,315.0,349.0,333.6666666666667
234,l123_s248455_mpnn8_model2,0.32,23.13252386002121,-292.5589038580656,STNPFMQWPPPPVPAKDASPWEQIAELMEYHKEKIFETFSDPFEIYFAFDIVMGYAIILARELSEEERKEFEKLNHKYIRKLNDIAWSELSIEEQVEKMKEVVEEYLEELKRAAKEAEEKKKK,339.0,323.0,358.0,340.0
376,EGFR_l168_s527861_mpnn2_model1,0.39,22.49693615328579,-424.6004972755909,DEAYLATLIENFRAGVLGAARYMQQHRDHTIGILNWILEGNDEEVIQGWKFLLDDLIWNSPDYEAFWQIWSDPRIIFEYNRVEVILAYVEFLLRIIAGDPEAARAAFERFFEVYEKHFVEGVDPEDPDGSKPLTEEQKESRRITFEILKAVFGDPAFIAELSALFAQK,326.0,378.0,322.0,342.0
314,EGFR_l130_s443510_mpnn3_model2,0.33,23.94644357735662,-287.95552914898144,MPRERKVYYIPYDPKEWIEQLLKKAKENNWSPEELYEEVVESMRIYYMFHRKDPDAEEHLYKMVYEAVKALHKLTGRPEEEIFKELAYELVKIILEVNGKEFKEVPIEEDPEFLKALPKIEEVRKKLEKE,359.0,318.0,349.0,342.0
67,EGFR_ECOD_l122_s764079_mpnn17_model2,0.33,23.780750442174178,-298.1431665122509,SYHELLEKYIEKFEEFEKIVREAWEPHGEEQAEKGVQHLTSPIDRPVEEVKKKLEEMKEGELTPEDMAFLVELAFYLEHGVLFMKHQKERFGVTDEQIEAAQKHVDEIWKIVDELYDLLMNK,355.0,327.0,349.0,343.6666666666667
32,EGFR_l113_s423034_mpnn10_model1,0.25,25.09925469910079,-269.1656575948,SEAAKKIEEKLKELESLSYEEQWEKLKEIRNEKVKPKTKEENLLAAFRFRVGDTVDFVEWRIKNSPKYRNSKAKYPSKSFWEKIVRPSLFSSIKQDIKDFEENPEMYMVIQGP,375.0,283.0,376.0,344.6666666666667
240,l138_s757966_mpnn12_model2,0.34,24.147246843566943,-300.73656740039587,SFRHKGMHIVHHLIEAIVLIDMLLDEWFNLPEEIKKKLKEMREALKEVIEAAYEIIKINEEREKKGEPPVIPEELKEKIEEALEKVESGIEELLKEFESNKDKSDTVETVRFWLGWIRKEVSYARELFEELVEEVEKS,361.0,331.0,342.5,344.8333333333333
98,EGFR_ECOD_l121_s317668_mpnn7_model1,0.31,23.406055815067678,-306.4884801506996,SAELDELVEELMRRIKEAWSKVLPESFWDEDYVPTKEEIEKIAEKALEVFREFVAKLPDLSRDELMELAERVASALFQDLAARYDKAEAKGTFKGPETYTYLISTVDWLGHEMMYVVLKLP,347.0,338.0,364.5,349.8333333333333
236,l124_s154458_mpnn1_model1,0.32,25.026399667549736,-290.5997142791748,GKKATEEEKPYLEYLKYHLYDYLHFDVHVAMAHFPGENGPSEEAQKYVIEKMVEKFVEIYENGPEWLKERFVPKNGKTVREQIKEEVEKLFNEVKSKMPMKNGVEDLQEIVRETVEKFVNSIGS,372.0,321.0,358.0,350.3333333333333
178,EGFR_Modal_l133_s673119_mpnn1_model1,0.32,23.42586974683085,-320.1898839902133,MKVTPEEIVEALRKAVEIEEKEHPGSLSEHLRRWVEKMEEDILKGQMKPIDILFHMSHLMSHVYSEEALEVFREIFVKFAIEEGLVPEAWRMFHNWAVVASGGLHDESDPHTRMYKKVYKEFKKHGAPEFPID,348.0,346.0,358.0,350.6666666666667
233,l120_s535762_mpnn6_model1,0.31,24.334083333333336,-301.3421911597252,SSMVEEKIEELKEKFLERMKEAFELSDVDHEEGVRKGREATKEFIEEVTKLTGDEVEAVKIIEETFKEVHDWFTANHPSDPELSRRHSHVYMAAWWEVEAYRWKVAFENDQAITYKDPWE,367.0,332.0,364.5,354.5
271,l138_s757966_mpnn16_model1,0.29,25.0291832364816,-289.4722666889429,SARHTGMHIVHHLIEAIVLADMLRDEWFNLPEEVKKKLEEMIESLKEIIKSLYEIIKLNEENEKKGLPIEIPEELKKKIEESYKKVEEGIEELIKEFESNPDKSDTVETVRFWLGWIKKEVEYAKKLFEEMLEKVKKA,373.0,320.0,371.5,354.8333333333333
68,EGFR_ECOD_l122_s764079_mpnn19_model2,0.3,24.31986167207835,-301.4254054427147,SYHELLDQYIENVKAFKEIIRKAWEPHGEEQAEKGVQHLTSPIDRPYEDVLEKLEKMREGELTPEDMAFLVEHAFYLEHGVLFMKHQKERFGVSEEEIEEAQKHVDKIWEIVDQLYDLLMNK,366.0,333.0,368.0,355.6666666666667
36,EGFR_l130_s884643_mpnn6_model2,0.26,25.521591168091167,-296.3169569671154,SHNHHLIWATDHFAWAYHQRHRDPNSTLSDAEAEALEAAGLAEMKKYFKEGNLEDLKTFIQGLSWYGITIEEFIEYLKTKDPEFAKKLEKTYEEHKKKGYKFEIEKLEDGGYKLLVNGKVYSIVIRHKKK,376.0,325.0,374.5,358.5
372,EGFR_l147_s755212_mpnn4_model2,0.29,24.816766461818226,-331.6499243229628,EPSPIEQLAEFIRELSEMPGEEILERLSNLSDEELKKFFEGLRAAFELLAEKGEFKTWAEGDIKEYEEILEKIEKGEKPRYFAGEGPAEEKVFYILYHLSRIVWLAGRYDEHAEIMSLLRKAPLSGEEIKEILRIISEVLEELVEEE,371.0,353.0,371.5,365.1666666666667
35,EGFR_l130_s884643_mpnn18_model2,0.21,26.96521646228168,-313.48758590221405,SHNHELIWATDHFAWAYWQRHRDPNSTMSDAEADALMAEGLAKLKKYFKPYDKEDLITFVQGLSWYGITIDEFIAYLSKVDPEFAAKLKATYEKLKKEGFKIEIEELEDGGYKMLVNGKVYSIVIRHKKK,378.0,342.0,378.0,366.0
